Abyssal Axe	Two Handed Axe	
Abyssal Sceptre	Sceptre	
Accumulator Wand	Wand	
Aegis Tulgraft	Graft	
Aetherwind Gloves	Gloves	Energy Shield
Agate Amulet	Amulet	
Alder Spiked Shield	Shield	Evasion/Energy Shield
Alloyed Spiked Shield	Shield	Evasion/Energy Shield
Alternating Sceptre	Sceptre	
Amber Amulet	Amulet	
Ambush Boots	Boots	Evasion/Energy Shield
Ambush Mitts	Gloves	Evasion/Energy Shield
Ambusher	Dagger	
Amethyst Flask	Flask	Utility
Amethyst Ring	Ring	
Anarchic Spiritblade	One Handed Sword	
Ancestral Club	One Handed Mace	
Ancient Gauntlets	Gloves	Armour
Ancient Greaves	Boots	Armour
Ancient Mask	Helmet	Evasion/Energy Shield
Ancient Spirit Shield	Shield	Energy Shield
Ancient Sword	One Handed Sword	
Angelic Kite Shield	Shield	Armour/Energy Shield
Antique Gauntlets	Gloves	Armour
Antique Greaves	Boots	Armour
Antique Rapier	One Handed Sword	Thrusting
Ape Talisman	Amulet	Talisman
Apex Cleaver	Two Handed Axe	
Apex Rapier	One Handed Sword	Thrusting
Apothecary's Gloves	Gloves	Armour/Energy Shield
Apprentice Gloves	Gloves	Evasion
Aquamarine Flask	Flask	Utility
Arcane Vestment	Body Armour	Energy Shield
Arcanist Gloves	Gloves	Energy Shield
Arcanist Slippers	Boots	Energy Shield
Archdemon Crown	Helmet	Armour/Energy Shield
Archon Kite Shield	Shield	Armour/Energy Shield
Arena Plate	Body Armour	Armour
Arming Axe	One Handed Axe	
Artillery Quiver	Quiver	
Ashbark Tincture	Tincture	
Ashscale Talisman	Amulet	Talisman
Assassin Bow	Bow	
Assassin's Boots	Boots	Evasion/Energy Shield
Assassin's Garb	Body Armour	Evasion
Assassin's Mitts	Gloves	Evasion/Energy Shield
Assembled Eye Jewel	Jewel	Abyss
Assembler Wand	Wand	
Astral Leather	Body Armour	Evasion
Astral Plate	Body Armour	Armour
Astrolabe Amulet	Amulet	
Atonement Mask	Helmet	Armour/Evasion
Auric Mace	One Handed Mace	
Aventail Helmet	Helmet	Armour/Energy Shield
Avian Twins Talisman	Amulet	Talisman
Avian Twins Talisman (Cold-To-Fire)	Amulet	Talisman
Avian Twins Talisman (Cold-To-Lightning)	Amulet	Talisman
Avian Twins Talisman (Fire-To-Cold)	Amulet	Talisman
Avian Twins Talisman (Fire-To-Lightning)	Amulet	Talisman
Avian Twins Talisman (Lightning-To-Cold)	Amulet	Talisman
Awl	Claw	
Banishing Blade	Two Handed Sword	
Barbed Club	One Handed Mace	
Barbute Helmet	Helmet	Armour
Baroque Round Shield	Shield	Armour/Evasion
Basalt Flask	Flask	Utility
Baselard	One Handed Sword	
Basemetal Treads	Boots	Armour
Basket Rapier	One Handed Sword	Thrusting
Bastard Sword	Two Handed Sword	
Battered Foil	One Handed Sword	Thrusting
Battered Helm	Helmet	Armour/Evasion
Battering Uulgraft	Graft	
Battery Staff	Staff	
Battle Buckler	Shield	Evasion
Battle Hammer	One Handed Mace	
Battle Lamellar	Body Armour	Armour/Evasion
Battle Plate	Body Armour	Armour
Battle Sword	One Handed Sword	
Behemoth Mace	One Handed Mace	
Bismuth Flask	Flask	Utility
Black Maw Talisman	Amulet	Talisman
Black Widow Talisman	Amulet	Talisman
Bladed Mace	One Handed Mace	
Blasting Blade	Two Handed Sword	
Blasting Wand	Wand	
Blazing Arrow Quiver	Quiver	
Blinder	Claw	
Blizzard Crown	Helmet	Evasion/Energy Shield
Blood Raiment	Body Armour	Evasion/Energy Shield
Blood Sap Tincture	Tincture	
Blood Sceptre	Sceptre	
Blood Viper Talisman	Amulet	Talisman
Blue Pearl Amulet	Amulet	
Blunt Arrow Quiver	Quiver	
Blunt Force Condenser	Two Handed Mace	
Boarding Axe	One Handed Axe	
Bone Armour	Body Armour	Evasion/Energy Shield
Bone Bow	Bow	
Bone Circlet	Helmet	Energy Shield
Bone Helmet	Helmet	Armour/Energy Shield
Bone Ring	Ring	
Bone Spirit Shield	Shield	Energy Shield
Bonespire Talisman	Amulet	Talisman
Boom Mace	One Handed Mace	
Boot Blade	Dagger	Rune Dagger
Boot Knife	Dagger	Rune Dagger
Borealwood Tincture	Tincture	
Branded Kite Shield	Shield	Armour/Energy Shield
Brass Maul	Two Handed Mace	
Brass Spirit Shield	Shield	Energy Shield
Breach Ring	Ring	
Breakrib Talisman	Amulet	Talisman
Brimstone Treads	Boots	Armour
Broad Axe	One Handed Axe	
Broad Sword	One Handed Sword	
Broadhead Arrow Quiver	Quiver	
Bronze Gauntlets	Gloves	Armour
Bronze Plate	Body Armour	Armour
Bronze Sceptre	Sceptre	
Bronze Tower Shield	Shield	Armour
Bronzescale Boots	Boots	Armour/Evasion
Bronzescale Gauntlets	Gloves	Armour/Evasion
Buckskin Tower Shield	Shield	Armour
Buckskin Tunic	Body Armour	Evasion
Burnished Foil	One Handed Sword	Thrusting
Burnished Spiked Shield	Shield	Evasion/Energy Shield
Butcher Axe	One Handed Axe	
Butcher Knife	Dagger	Rune Dagger
Butcher Sword	Two Handed Sword	
Cabalist Regalia	Body Armour	Energy Shield
Calling Wand	Wand	
Callous Mask	Helmet	Evasion/Energy Shield
Capacity Rod	Staff	Warstaff
Capricious Spiritblade	One Handed Sword	
Cardinal Round Shield	Shield	Armour/Evasion
Carnal Armour	Body Armour	Evasion/Energy Shield
Carnal Boots	Boots	Evasion/Energy Shield
Carnal Mitts	Gloves	Evasion/Energy Shield
Carnal Sceptre	Sceptre	
Carrion Queen Talisman	Amulet	Talisman
Carved Wand	Wand	
Carving Knife	Dagger	Rune Dagger
Cat's Paw	Claw	
Cedar Tower Shield	Shield	Armour
Ceremonial Axe	One Handed Axe	
Ceremonial Kite Shield	Shield	Armour/Energy Shield
Ceremonial Mace	One Handed Mace	
Cerulean Ring	Ring	
Chain Belt	Belt	
Chain Boots	Boots	Armour/Energy Shield
Chain Gloves	Gloves	Armour/Energy Shield
Chain Hauberk	Body Armour	Armour/Energy Shield
Chainmail Doublet	Body Armour	Armour/Energy Shield
Chainmail Tunic	Body Armour	Armour/Energy Shield
Chainmail Vest	Body Armour	Armour/Energy Shield
Champion Kite Shield	Shield	Armour/Energy Shield
Charan's Sword	One Handed Sword	
Chest Splitter	One Handed Axe	
Chestplate	Body Armour	Armour
Chieftain Talisman	Amulet	Talisman
Chimeral Talisman	Amulet	Talisman
Chimerascale Boots	Boots	Armour/Evasion
Chimerascale Gauntlets	Gloves	Armour/Evasion
Chiming Spirit Shield	Shield	Energy Shield
Chrysalis Talisman	Amulet	Talisman
Citadel Bow	Bow	
Citrine Amulet	Amulet	
Clasped Boots	Boots	Evasion/Energy Shield
Clasped Mitts	Gloves	Evasion/Energy Shield
Cleaver	One Handed Axe	
Close Helmet	Helmet	Armour
Cloth Belt	Belt	
Cloudwhisper Boots	Boots	Evasion
Clutching Talisman	Amulet	Talisman
Cobalt Jewel	Jewel	
Cobra Talisman	Amulet	Talisman
Cogwork Ring	Ring	
Coiled Staff	Staff	Warstaff
Coiled Wand	Wand	
Cold-attuned Buckler	Shield	Evasion
Colossal Hybrid Flask	Flask	Hybrid
Colossal Life Flask	Flask	Life
Colossal Mana Flask	Flask	Mana
Colossal Tower Shield	Shield	Armour
Colosseum Plate	Body Armour	Armour
Colossus Mallet	Two Handed Mace	
Commander's Brigandine	Body Armour	Armour/Evasion
Composite Bow	Bow	
Composite Ring	Ring	
Compound Bow	Bow	
Compound Spiked Shield	Shield	Evasion/Energy Shield
Conductive Quiver	Quiver	
Cone Helmet	Helmet	Armour
Congregator Wand	Wand	
Conjurer Boots	Boots	Energy Shield
Conjurer Gloves	Gloves	Energy Shield
Conjurer's Vestment	Body Armour	Energy Shield
Conqueror's Helmet	Helmet	Armour
Conquest Chainmail	Body Armour	Armour/Energy Shield
Conquest Helmet	Helmet	Armour/Evasion
Conquest Lamellar	Body Armour	Armour/Evasion
Convening Wand	Wand	
Convoking Wand	Wand	
Copper Kris	Dagger	Rune Dagger
Copper Plate	Body Armour	Armour
Copper Sword	One Handed Sword	
Copper Tower Shield	Shield	Armour
Coral Amulet	Amulet	
Coral Ring	Ring	
Cord Belt	Belt	
Coronal Leather	Body Armour	Evasion
Coronal Maul	Two Handed Mace	
Corroded Blade	Two Handed Sword	
Corroded Tower Shield	Shield	Armour
Corrugated Buckler	Shield	Evasion
Corsair Sword	One Handed Sword	
Corundum Flask	Flask	Utility
Corvine Charm	Jewel	Charm
Courtesan Sword	One Handed Sword	Thrusting
Crack Mace	One Handed Mace	
Craicic Talisman	Amulet	Talisman
Crescent Staff	Staff	
Crested Tower Shield	Shield	Armour
Crimson Jewel	Jewel	
Crimson Raiment	Body Armour	Evasion/Energy Shield
Crimson Round Shield	Shield	Armour/Evasion
Croaker Talisman	Amulet	Talisman
Crude Bow	Bow	
Crusader Boots	Boots	Armour/Energy Shield
Crusader Buckler	Shield	Evasion
Crusader Chainmail	Body Armour	Armour/Energy Shield
Crusader Gloves	Gloves	Armour/Energy Shield
Crusader Helmet	Helmet	Armour/Energy Shield
Crusader Plate	Body Armour	Armour
Crushing Force Magnifier	Two Handed Mace	
Cryonic Ring	Ring	
Crypt Armour	Body Armour	Evasion/Energy Shield
Crystal Belt	Belt	
Crystal Sceptre	Sceptre	
Crystal Wand	Wand	
Cured Quiver	Quiver	
Curved Blade	Two Handed Sword	
Cutlass	One Handed Sword	
Cutthroat's Garb	Body Armour	Evasion
Dagger Axe	Two Handed Axe	
Darksteel Treads	Boots	Armour
Darkwood Sceptre	Sceptre	
Deadhand Talisman	Amulet	Talisman
Death Bow	Bow	
Decimation Bow	Bow	
Decorative Axe	One Handed Axe	
Decurve Bow	Bow	
Deep One Talisman	Amulet	Talisman
Deerskin Boots	Boots	Evasion
Deerskin Gloves	Gloves	Evasion
Deicide Mask	Helmet	Evasion/Energy Shield
Demon Crown	Helmet	Armour/Energy Shield
Demon Dagger	Dagger	Rune Dagger
Demon's Horn	Wand	
Desert Brigandine	Body Armour	Armour/Evasion
Despot Axe	Two Handed Axe	
Destiny Leather	Body Armour	Evasion
Destroyer Regalia	Body Armour	Energy Shield
Devourer Talisman	Amulet	Talisman
Devout Chainmail	Body Armour	Armour/Energy Shield
Diamond Flask	Flask	Utility
Diamond Ring	Ring	
Dire Pelt	Helmet	Evasion
Disapprobation Axe	One Handed Axe	
Divine Crown	Helmet	Armour/Energy Shield
Divine Life Flask	Flask	Life
Divine Mana Flask	Flask	Mana
Double Axe	Two Handed Axe	
Double Claw	Claw	
Dragon Mace	One Handed Mace	
Dragonbone Rapier	One Handed Sword	Thrusting
Dragonscale Boots	Boots	Armour/Evasion
Dragonscale Doublet	Body Armour	Armour/Evasion
Dragonscale Gauntlets	Gloves	Armour/Evasion
Dragoon Sword	One Handed Sword	Thrusting
Draining Eshgraft	Graft	
Dread Maul	Two Handed Mace	
Dream Mace	One Handed Mace	
Dreamquest Slippers	Boots	Energy Shield
Driftwood Club	One Handed Mace	
Driftwood Maul	Two Handed Mace	
Driftwood Sceptre	Sceptre	
Driftwood Spiked Shield	Shield	Evasion/Energy Shield
Driftwood Wand	Wand	
Dusk Blade	One Handed Sword	
Dusk Ring	Ring	
Duskwalk Slippers	Boots	Energy Shield
Eagle Claw	Claw	
Ebony Tower Shield	Shield	Armour
Eclipse Staff	Staff	
Eelskin Boots	Boots	Evasion
Eelskin Gloves	Gloves	Evasion
Eelskin Tunic	Body Armour	Evasion
Elder Sword	One Handed Sword	
Elegant Foil	One Handed Sword	Thrusting
Elegant Ringmail	Body Armour	Armour/Energy Shield
Elegant Round Shield	Shield	Armour/Evasion
Elegant Sword	One Handed Sword	
Embroidered Gloves	Gloves	Energy Shield
Enameled Buckler	Shield	Evasion
Endothermic Buckler	Shield	Evasion
Energy Blade One Handed	One Handed Sword	
Energy Blade Two Handed	Two Handed Sword	
Engraved Greatsword	Two Handed Sword	
Engraved Hatchet	One Handed Axe	
Engraved Wand	Wand	
Enthalpic Ring	Ring	
Erupting Xophgraft	Graft	
Estoc	One Handed Sword	Thrusting
Etched Greatsword	Two Handed Sword	
Etched Hatchet	One Handed Axe	
Etched Kite Shield	Shield	Armour/Energy Shield
Eternal Burgonet	Helmet	Armour
Eternal Life Flask	Flask	Life
Eternal Mana Flask	Flask	Mana
Eternal Sword	One Handed Sword	
Ethereal Blade	Dagger	
Ethereal Bow	Bow	
Eventuality Rod	Staff	Warstaff
Exhausting Spirit Shield	Shield	Energy Shield
Exothermic Tower Shield	Shield	Armour
Exquisite Blade	Two Handed Sword	
Exquisite Leather	Body Armour	Evasion
Eye Gouger	Claw	
Ezomyte Axe	Two Handed Axe	
Ezomyte Blade	Two Handed Sword	
Ezomyte Burgonet	Helmet	Armour
Ezomyte Dagger	Dagger	Rune Dagger
Ezomyte Spiked Shield	Shield	Evasion/Energy Shield
Ezomyte Staff	Staff	Warstaff
Ezomyte Tower Shield	Shield	Armour
Faithful Helmet	Helmet	Armour/Energy Shield
Fancy Foil	One Handed Sword	Thrusting
Fangjaw Talisman	Amulet	Talisman
Farric Talisman	Amulet	Talisman
Faun's Horn	Wand	
Feathered Arrow Quiver	Quiver	
Fencer Helm	Helmet	Armour/Evasion
Fenumal Talisman	Amulet	Talisman
Festival Mask	Helmet	Evasion/Energy Shield
Fickle Spiritblade	One Handed Sword	
Field Lamellar	Body Armour	Armour/Evasion
Fiend Dagger	Dagger	Rune Dagger
Fingerless Silk Gloves	Gloves	Energy Shield
Fir Round Shield	Shield	Armour/Evasion
Fire Arrow Quiver	Quiver	
Fishing Rod	Fishing Rod	
Fishscale Gauntlets	Gloves	Armour/Evasion
Flame Hellion Talisman	Amulet	Talisman
Flamecaller Xophgraft	Graft	
Flanged Mace	One Handed Mace	
Flare Mace	One Handed Mace	
Flashfire Blade	Dagger	Rune Dagger
Flaying Knife	Dagger	
Fleshripper	Two Handed Axe	
Flickerflame Blade	Dagger	Rune Dagger
Fluted Bascinet	Helmet	Armour/Evasion
Focused Amulet	Amulet	
Footman Sword	Two Handed Sword	
Formless Ring	Ring	
Fossilised Spirit Shield	Shield	Energy Shield
Foul Staff	Staff	Warstaff
Foundry Bow	Bow	
Freezing Tulgraft	Graft	
Fright Claw	Claw	
Fright Maul	Two Handed Mace	
Frontier Leather	Body Armour	Evasion
Frost Hellion Talisman	Amulet	Talisman
Fugitive Boots	Boots	Evasion/Energy Shield
Fugitive Ring	Ring	
Fulgurite Tincture	Tincture	
Full Chainmail	Body Armour	Armour/Energy Shield
Full Dragonscale	Body Armour	Armour/Evasion
Full Leather	Body Armour	Evasion
Full Plate	Body Armour	Armour
Full Ringmail	Body Armour	Armour/Energy Shield
Full Scale Armour	Body Armour	Armour/Evasion
Full Wyrmscale	Body Armour	Armour/Evasion
Full Wyvernscale	Body Armour	Armour/Evasion
Gale Crown	Helmet	Evasion/Energy Shield
Gargantuan Talisman	Amulet	Talisman
Gavel	One Handed Mace	
Gemini Claw	Claw	
Gemstone Sword	One Handed Sword	
General's Brigandine	Body Armour	Armour/Evasion
General's Helmet	Helmet	Armour
Geodesic Ring	Ring	
Ghastly Eye Jewel	Jewel	Abyss
Ghostflame Blade	One Handed Sword	
Giant Life Flask	Flask	Life
Giant Mana Flask	Flask	Mana
Giantslayer Helmet	Helmet	Armour
Gilded Axe	Two Handed Axe	
Gilded Buckler	Shield	Evasion
Gilded Sallet	Helmet	Armour/Evasion
Girded Tower Shield	Shield	Armour
Gladiator Helmet	Helmet	Armour
Gladiator Plate	Body Armour	Armour
Gladius	One Handed Sword	
Glass Shank	Dagger	
Gloam Ring	Ring	
Glorious Leather	Body Armour	Evasion
Glorious Plate	Body Armour	Armour
Gnarled Branch	Staff	
Goat's Horn	Wand	
Goathide Boots	Boots	Evasion
Goathide Buckler	Shield	Evasion
Goathide Gloves	Gloves	Evasion
Goatman Talisman	Amulet	Talisman
Gold Amulet	Amulet	
Gold Flask	Flask	Utility
Gold Ring	Ring	
Golden Bracers	Gloves	
Golden Buckler	Shield	Evasion
Golden Caligae	Boots	
Golden Flame	Shield	
Golden Hoop	Ring	
Golden Kris	Dagger	Rune Dagger
Golden Mantle	Body Armour	Armour/Evasion/Energy Shield
Golden Mask	Helmet	Evasion/Energy Shield
Golden Obi	Belt	
Golden Plate	Body Armour	Armour
Golden Wreath	Helmet	
Goliath Gauntlets	Gloves	Armour
Goliath Greaves	Boots	Armour
Goliath Talisman	Amulet	Talisman
Gouger	Claw	
Graceful Sword	One Handed Sword	
Grand Life Flask	Flask	Life
Grand Mana Flask	Flask	Mana
Grand Ringmail	Body Armour	Armour/Energy Shield
Granite Flask	Flask	Utility
Grappler	One Handed Sword	
Grasping Mail	Body Armour	Armour/Evasion/Energy Shield
Great Crown	Helmet	Armour/Energy Shield
Great Helmet	Helmet	Armour/Energy Shield
Great Mallet	Two Handed Mace	
Great Maw Talisman	Amulet	Talisman
Great White Claw	Claw	
Greater Life Flask	Flask	Life
Greater Mana Flask	Flask	Mana
Greatwolf Talisman	Amulet	Talisman
Grinning Fetish	Sceptre	
Gripped Gloves	Gloves	Evasion
Grizzly Pelt	Helmet	Evasion
Grove Bow	Bow	
Guarding Gauntlets	Gloves	Armour
Gut Ripper	Claw	
Gutting Knife	Dagger	
Hallowed Hybrid Flask	Flask	Hybrid
Hallowed Life Flask	Flask	Life
Hallowed Mana Flask	Flask	Mana
Hammered Buckler	Shield	Evasion
Harbinger Bow	Bow	
Hardening Uulgraft	Graft	
Harlequin Mask	Helmet	Evasion/Energy Shield
Harmonic Spirit Shield	Shield	Energy Shield
Harpy Rapier	One Handed Sword	Thrusting
Harpyskin Boots	Boots	Evasion
Harpyskin Gloves	Gloves	Evasion
Haunted Bascinet	Helmet	Armour/Evasion
Headman's Sword	Two Handed Sword	
Headsman Axe	Two Handed Axe	
Heat-attuned Tower Shield	Shield	Armour
Heathen Wand	Wand	
Heavy Arrow Quiver	Quiver	
Heavy Belt	Belt	
Heavy Quiver	Quiver	
Hedron Bow	Bow	
Helical Ring	Ring	
Hellion's Paw	Claw	
Hexclaw Talisman	Amulet	Talisman
Highborn Bow	Bow	
Highborn Staff	Staff	
Highland Blade	Two Handed Sword	
Hollowpoint Dagger	Dagger	
Holy Chainmail	Body Armour	Armour/Energy Shield
Honed Cleaver	Two Handed Axe	
Hook Sword	One Handed Sword	
Horned Sceptre	Sceptre	
Horned Talisman	Amulet	Talisman
Hubris Circlet	Helmet	Energy Shield
Hunter Hood	Helmet	Evasion
Hussar Brigandine	Body Armour	Armour/Evasion
Hybrid Arachnid Talisman	Amulet	Talisman
Hydrascale Boots	Boots	Armour/Evasion
Hydrascale Gauntlets	Gloves	Armour/Evasion
Hypnotic Eye Jewel	Jewel	Abyss
Imbued Wand	Wand	
Imp Crown	Helmet	Armour/Energy Shield
Imp Dagger	Dagger	Rune Dagger
Impact Force Propagator	Two Handed Mace	
Impaling Uulgraft	Graft	
Imperial Bow	Bow	
Imperial Buckler	Shield	Evasion
Imperial Claw	Claw	
Imperial Maul	Two Handed Mace	
Imperial Skean	Dagger	Rune Dagger
Imperial Staff	Staff	
Infantry Brigandine	Body Armour	Armour/Evasion
Infernal Axe	One Handed Axe	
Infernal Blade	Dagger	Rune Dagger
Infernal Sword	Two Handed Sword	
Infiltrator Boots	Boots	Evasion/Energy Shield
Infiltrator Mitts	Gloves	Evasion/Energy Shield
Iolite Ring	Ring	
Iron Circlet	Helmet	Energy Shield
Iron Flask	Flask	Utility
Iron Gauntlets	Gloves	Armour
Iron Greaves	Boots	Armour
Iron Hat	Helmet	Armour
Iron Mask	Helmet	Evasion/Energy Shield
Iron Ring	Ring	
Iron Sceptre	Sceptre	
Iron Staff	Staff	Warstaff
Ironscale Boots	Boots	Armour/Evasion
Ironscale Gauntlets	Gloves	Armour/Evasion
Ironwood Buckler	Shield	Evasion
Ironwood Tincture	Tincture	
Ivory Bow	Bow	
Ivory Spirit Shield	Shield	Energy Shield
Jade Amulet	Amulet	
Jade Chopper	Two Handed Axe	
Jade Flask	Flask	Utility
Jade Hatchet	One Handed Axe	
Jagged Foil	One Handed Sword	Thrusting
Jagged Maul	Two Handed Mace	
Jasper Axe	One Handed Axe	
Jasper Chopper	Two Handed Axe	
Jester Mask	Helmet	Evasion/Energy Shield
Jet Amulet	Amulet	
Jet Ring	Ring	
Jewelled Foil	One Handed Sword	Thrusting
Jingling Spirit Shield	Shield	Energy Shield
Jolting Eshgraft	Graft	
Judgement Staff	Staff	Warstaff
Karui Axe	One Handed Axe	
Karui Chopper	Two Handed Axe	
Karui Maul	Two Handed Mace	
Karui Sceptre	Sceptre	
Keyblade	Two Handed Sword	
Kinetic Wand	Wand	
Knight Helm	Helmet	Armour/Evasion
Labrys	Two Handed Axe	
Lacewood Spirit Shield	Shield	Energy Shield
Lacquered Buckler	Shield	Evasion
Lacquered Garb	Body Armour	Evasion/Energy Shield
Lacquered Helmet	Helmet	Armour/Evasion
Laminated Kite Shield	Shield	Armour/Energy Shield
Lapis Amulet	Amulet	
Large Cluster Jewel	Jewel	Cluster
Large Hybrid Flask	Flask	Hybrid
Large Life Flask	Flask	Life
Large Mana Flask	Flask	Mana
Lathi	Staff	
Latticed Ringmail	Body Armour	Armour/Energy Shield
Layered Kite Shield	Shield	Armour/Energy Shield
Lead Sceptre	Sceptre	
Leather Belt	Belt	
Leather Cap	Helmet	Evasion
Leather Hood	Helmet	Evasion
Leatherscale Boots	Boots	Armour/Evasion
Legion Boots	Boots	Armour/Energy Shield
Legion Gloves	Gloves	Armour/Energy Shield
Legion Hammer	One Handed Mace	
Legion Plate	Body Armour	Armour
Legion Sword	One Handed Sword	
Leviathan Gauntlets	Gloves	Armour
Leviathan Greaves	Boots	Armour
Leyline Gloves	Gloves	Energy Shield
Lich's Circlet	Helmet	Energy Shield
Light Brigandine	Body Armour	Armour/Evasion
Light Quiver	Quiver	
Linden Kite Shield	Shield	Armour/Energy Shield
Lion Pelt	Helmet	Evasion
Lion Sword	Two Handed Sword	
Lithe Blade	Two Handed Sword	
Lone Antler Talisman	Amulet	Talisman
Long Bow	Bow	
Long Staff	Staff	
Longsword	Two Handed Sword	
Longtooth Talisman	Amulet	Talisman
Lordly Plate	Body Armour	Armour
Loricated Ringmail	Body Armour	Armour/Energy Shield
Lunaris Circlet	Helmet	Energy Shield
Lupine Charm	Jewel	Charm
Lynx Talisman	Amulet	Talisman
Maelstrom Staff	Staff	Warstaff
Mage's Vestment	Body Armour	Energy Shield
Magistrate Crown	Helmet	Armour/Energy Shield
Magma Hound Talisman	Amulet	Talisman
Magmatic Tower Shield	Shield	Armour
Mahogany Tower Shield	Shield	Armour
Majestic Pelt	Helmet	Evasion
Majestic Plate	Body Armour	Armour
Malign Fangs	Claw	
Mallet	Two Handed Mace	
Maltreatment Axe	One Handed Axe	
Mandible Talisman	Amulet	Talisman
Manifold Ring	Ring	
Maple Round Shield	Shield	Armour/Evasion
Maraketh Bow	Bow	
Marble Amulet	Amulet	
Marshall's Brigandine	Body Armour	Armour/Evasion
Martyr Boots	Boots	Armour/Energy Shield
Martyr Gloves	Gloves	Armour/Energy Shield
Meatgrinder	Two Handed Mace	
Mechalarm Belt	Belt	
Mechanical Belt	Belt	
Medium Cluster Jewel	Jewel	Cluster
Medium Hybrid Flask	Flask	Hybrid
Medium Life Flask	Flask	Life
Medium Mana Flask	Flask	Mana
Mesh Boots	Boots	Armour/Energy Shield
Mesh Gloves	Gloves	Armour/Energy Shield
Micro-Distillery Belt	Belt	
Midnight Blade	One Handed Sword	
Military Staff	Staff	Warstaff
Mind Cage	Helmet	Energy Shield
Mirrored Spiked Shield	Shield	Evasion/Energy Shield
Molten Xophgraft	Graft	
Monkey Paw Talisman	Amulet	Talisman
Monkey Paw Talisman (Frenzy)	Amulet	Talisman
Monkey Paw Talisman (Power)	Amulet	Talisman
Monkey Twins Talisman	Amulet	Talisman
Moon Staff	Staff	
Moonlit Circlet	Helmet	Energy Shield
Moonstone Ring	Ring	
Morning Star	Two Handed Mace	
Mosaic Kite Shield	Shield	Armour/Energy Shield
Murder Boots	Boots	Evasion/Energy Shield
Murder Mitts	Gloves	Evasion/Energy Shield
Murderous Eye Jewel	Jewel	Abyss
Nailed Fist	Claw	
Nameless Ring	Ring	
Necromancer Circlet	Helmet	Energy Shield
Necromancer Silks	Body Armour	Energy Shield
Necrotic Armour	Body Armour	Evasion/Energy Shield
Nexus Gloves	Gloves	Energy Shield
Nightmare Bascinet	Helmet	Armour/Evasion
Nightmare Mace	One Handed Mace	
Nightweave Robe	Body Armour	Energy Shield
Nightwind Slippers	Boots	Energy Shield
Noble Axe	Two Handed Axe	
Noble Claw	Claw	
Noble Tricorne	Helmet	Evasion
Nubuck Boots	Boots	Evasion
Nubuck Gloves	Gloves	Evasion
Oak Buckler	Shield	Evasion
Oakbranch Tincture	Tincture	
Occultist's Vestment	Body Armour	Energy Shield
Ochre Sceptre	Sceptre	
Octopus Talisman	Amulet	Talisman
Oiled Coat	Body Armour	Evasion/Energy Shield
Oiled Vest	Body Armour	Evasion/Energy Shield
Omen Wand	Wand	
Onyx Amulet	Amulet	
Opal Ring	Ring	
Opal Sceptre	Sceptre	
Opal Wand	Wand	
Organic Ring	Ring	
Ornate Mace	One Handed Mace	
Ornate Quiver	Quiver	
Ornate Ringmail	Body Armour	Armour/Energy Shield
Ornate Spiked Shield	Shield	Evasion/Energy Shield
Ornate Sword	Two Handed Sword	
Oscillating Sceptre	Sceptre	
Padded Jacket	Body Armour	Evasion/Energy Shield
Padded Vest	Body Armour	Evasion/Energy Shield
Pagan Wand	Wand	
Painted Buckler	Shield	Evasion
Painted Tower Shield	Shield	Armour
Paladin Boots	Boots	Armour/Energy Shield
Paladin Crown	Helmet	Armour/Energy Shield
Paladin Gloves	Gloves	Armour/Energy Shield
Paladin's Hauberk	Body Armour	Armour/Energy Shield
Paua Amulet	Amulet	
Paua Ring	Ring	
Pearlescent Amulet	Amulet	
Pecoraro	One Handed Sword	Thrusting
Penetrating Arrow Quiver	Quiver	
Penitent Mask	Helmet	Armour/Evasion
Penumbra Ring	Ring	
Pernach	One Handed Mace	
Petrified Club	One Handed Mace	
Phantom Boots	Boots	Evasion/Energy Shield
Phantom Mace	One Handed Mace	
Phantom Mitts	Gloves	Evasion/Energy Shield
Pig-Faced Bascinet	Helmet	Armour/Evasion
Piledriver	Two Handed Mace	
Pine Buckler	Shield	Evasion
Pinnacle Tower Shield	Shield	Armour
Pitbull Talisman	Amulet	Talisman
Plague Mask	Helmet	Evasion/Energy Shield
Plagued Arachnid Talisman	Amulet	Talisman
Plank Kite Shield	Shield	Armour/Energy Shield
Plate Vest	Body Armour	Armour
Plated Gauntlets	Gloves	Armour
Plated Greaves	Boots	Armour
Plated Maul	Two Handed Mace	
Platinum Kris	Dagger	Rune Dagger
Platinum Sceptre	Sceptre	
Pneumatic Dagger	Dagger	
Poignard	Dagger	
Poisonberry Tincture	Tincture	
Polar Buckler	Shield	Evasion
Poleaxe	Two Handed Axe	
Polished Spiked Shield	Shield	Evasion/Energy Shield
Potentiality Rod	Staff	Warstaff
Praetor Crown	Helmet	Armour/Energy Shield
Precursor Gauntlets	Gloves	Armour
Precursor Greaves	Boots	Armour
Prehistoric Claw	Claw	
Preserving Gauntlets	Gloves	Armour
Pressurised Dagger	Dagger	
Primal Arrow Quiver	Quiver	
Primal Skull Talisman	Amulet	Talisman
Prime Cleaver	Two Handed Axe	
Primeval Rapier	One Handed Sword	Thrusting
Primitive Staff	Staff	
Primordial Staff	Staff	
Prismatic Jewel	Jewel	
Prismatic Ring	Ring	
Prismatic Tincture	Tincture	
Profane Wand	Wand	
Prong Dagger	Dagger	
Prophecy Wand	Wand	
Prophet Crown	Helmet	Armour/Energy Shield
Psychotic Axe	One Handed Axe	
Quarterstaff	Staff	
Quartz Flask	Flask	Utility
Quartz Sceptre	Sceptre	
Quartz Wand	Wand	
Quicksilver Flask	Flask	Utility
Quilted Jacket	Body Armour	Evasion/Energy Shield
Random One Hand Sword	One Handed Sword	
Random Two Hand Sword	Two Handed Sword	
Ranger Bow	Bow	
Ratcheting Ring	Ring	
Raven Mask	Helmet	Evasion/Energy Shield
Rawhide Boots	Boots	Evasion
Rawhide Gloves	Gloves	Evasion
Rawhide Tower Shield	Shield	Armour
Reaver Axe	One Handed Axe	
Reaver Helmet	Helmet	Armour
Reaver Sword	Two Handed Sword	
Rebuking Blade	Two Handed Sword	
Reciprocation Staff	Staff	
Recurve Bow	Bow	
Redwood Spiked Shield	Shield	Evasion/Energy Shield
Reflex Bow	Bow	
Regicide Mask	Helmet	Evasion/Energy Shield
Reinforced Greaves	Boots	Armour
Reinforced Kite Shield	Shield	Armour/Energy Shield
Reinforced Tower Shield	Shield	Armour
Replicating Eshgraft	Graft	
Retch Talisman	Amulet	Talisman
Rhex Talisman	Amulet	Talisman
Rhoa Talisman	Amulet	Talisman
Ring	Ring	
Ringmail Boots	Boots	Armour/Energy Shield
Ringmail Coat	Body Armour	Armour/Energy Shield
Ringmail Gloves	Gloves	Armour/Energy Shield
Ritual Sceptre	Sceptre	
Riveted Boots	Boots	Armour/Energy Shield
Riveted Gloves	Gloves	Armour/Energy Shield
Rock Breaker	One Handed Mace	
Rosethorn Tincture	Tincture	
Rot Head Talisman	Amulet	Talisman
Rotfeather Talisman	Amulet	Talisman
Rotted Round Shield	Shield	Armour/Evasion
Royal Axe	One Handed Axe	
Royal Bow	Bow	
Royal Burgonet	Helmet	Armour
Royal Plate	Body Armour	Armour
Royal Sceptre	Sceptre	
Royal Skean	Dagger	Rune Dagger
Royal Staff	Staff	
Ruby Amulet	Amulet	
Ruby Flask	Flask	Utility
Ruby Ring	Ring	
Rugged Quiver	Quiver	
Runic Crest	Helmet	Ward
Runic Crown	Helmet	Ward
Runic Gages	Gloves	Ward
Runic Gauntlets	Gloves	Ward
Runic Gloves	Gloves	Ward
Runic Greaves	Boots	Ward
Runic Hatchet	One Handed Axe	
Runic Helm	Helmet	Ward
Runic Sabatons	Boots	Ward
Runic Sollerets	Boots	Ward
Rusted Coif	Helmet	Armour/Energy Shield
Rusted Hatchet	One Handed Axe	
Rusted Spike	One Handed Sword	Thrusting
Rusted Sword	One Handed Sword	
Rustic Sash	Belt	
Sabre	One Handed Sword	
Sacred Chainmail	Body Armour	Armour/Energy Shield
Sacred Hybrid Flask	Flask	Hybrid
Sacred Life Flask	Flask	Life
Sacred Mana Flask	Flask	Mana
Sacrificial Garb	Body Armour	Armour/Evasion/Energy Shield
Sadist Garb	Body Armour	Evasion/Energy Shield
Sage Gloves	Gloves	Energy Shield
Sage Slippers	Boots	Energy Shield
Sage Wand	Wand	
Sage's Robe	Body Armour	Energy Shield
Sai	Dagger	
Saint's Hauberk	Body Armour	Armour/Energy Shield
Saintly Chainmail	Body Armour	Armour/Energy Shield
Sallet	Helmet	Armour/Evasion
Sambar Sceptre	Sceptre	
Samite Gloves	Gloves	Energy Shield
Samite Slippers	Boots	Energy Shield
Samnite Helmet	Helmet	Armour
Sanctified Life Flask	Flask	Life
Sanctified Mana Flask	Flask	Mana
Sand Spitter Talisman	Amulet	Talisman
Sanguine Raiment	Body Armour	Evasion/Energy Shield
Sapphire Flask	Flask	Utility
Sapphire Ring	Ring	
Saqawine Talisman	Amulet	Talisman
Satin Gloves	Gloves	Energy Shield
Satin Slippers	Boots	Energy Shield
Savage Crab Talisman	Amulet	Talisman
Savant's Robe	Body Armour	Energy Shield
Scale Doublet	Body Armour	Armour/Evasion
Scale Vest	Body Armour	Armour/Evasion
Scare Mask	Helmet	Evasion/Energy Shield
Scarlet Raiment	Body Armour	Evasion/Energy Shield
Scarlet Round Shield	Shield	Armour/Evasion
Scholar Boots	Boots	Energy Shield
Scholar's Robe	Body Armour	Energy Shield
Scorpion Talisman	Amulet	Talisman
Scrabbler Talisman	Amulet	Talisman
Seaglass Amulet	Amulet	
Searching Eye Jewel	Jewel	Abyss
Secutor Helm	Helmet	Armour/Evasion
Sekhem	Sceptre	
Sentinel Jacket	Body Armour	Evasion/Energy Shield
Serpentine Staff	Staff	Warstaff
Serpentscale Boots	Boots	Armour/Evasion
Serpentscale Gauntlets	Gloves	Armour/Evasion
Serrated Arrow Quiver	Quiver	
Serrated Foil	One Handed Sword	Thrusting
Shabby Jerkin	Body Armour	Evasion
Shackled Boots	Boots	Evasion/Energy Shield
Shadow Axe	Two Handed Axe	
Shadow Fangs	Claw	
Shadow Sceptre	Sceptre	
Shadowed Ring	Ring	
Shagreen Boots	Boots	Evasion
Shagreen Gloves	Gloves	Evasion
Shagreen Tower Shield	Shield	Armour
Sharkskin Boots	Boots	Evasion
Sharkskin Gloves	Gloves	Evasion
Sharkskin Tunic	Body Armour	Evasion
Sharktooth Arrow Quiver	Quiver	
Sharktooth Claw	Claw	
Shield Crab Talisman	Amulet	Talisman
Short Bow	Bow	
Siege Axe	One Handed Axe	
Siege Helmet	Helmet	Armour
Silk Gloves	Gloves	Energy Shield
Silk Robe	Body Armour	Energy Shield
Silk Slippers	Boots	Energy Shield
Silken Garb	Body Armour	Energy Shield
Silken Hood	Helmet	Evasion
Silken Vest	Body Armour	Energy Shield
Silken Wrap	Body Armour	Energy Shield
Silver Flask	Flask	Utility
Simple Robe	Body Armour	Energy Shield
Simplex Amulet	Amulet	
Sinner Tricorne	Helmet	Evasion
Skean	Dagger	Rune Dagger
Skinning Knife	Dagger	
Slaughter Knife	Dagger	Rune Dagger
Sledgehammer	Two Handed Mace	
Sleek Coat	Body Armour	Evasion/Energy Shield
Slink Boots	Boots	Evasion
Slink Gloves	Gloves	Evasion
Small Cluster Jewel	Jewel	Cluster
Small Hybrid Flask	Flask	Hybrid
Small Life Flask	Flask	Life
Small Mana Flask	Flask	Mana
Smallsword	One Handed Sword	Thrusting
Sniper Bow	Bow	
Solar Maul	Two Handed Mace	
Solarine Bow	Bow	
Solaris Circlet	Helmet	Energy Shield
Soldier Boots	Boots	Armour/Energy Shield
Soldier Gloves	Gloves	Armour/Energy Shield
Soldier Helmet	Helmet	Armour/Energy Shield
Soldier's Brigandine	Body Armour	Armour/Evasion
Somatic Wand	Wand	
Sorcerer Boots	Boots	Energy Shield
Sorcerer Gloves	Gloves	Energy Shield
Sorrow Mask	Helmet	Armour/Evasion
Sovereign Spiked Shield	Shield	Evasion/Energy Shield
Sparkling Claw	Claw	
Spectral Axe	One Handed Axe	
Spectral Sword	Two Handed Sword	
Spider Crab Talisman	Amulet	Talisman
Spidersilk Robe	Body Armour	Energy Shield
Spike-Point Arrow Quiver	Quiver	
Spiked Bundle	Shield	Evasion/Energy Shield
Spiked Club	One Handed Mace	
Spiked Gloves	Gloves	Armour
Spiked Round Shield	Shield	Armour/Evasion
Spiking Uulgraft	Graft	
Spine Bow	Bow	
Spinefuse Talisman	Amulet	Talisman
Spiny Maul	Two Handed Mace	
Spiny Round Shield	Shield	Armour/Evasion
Spiraled Foil	One Handed Sword	Thrusting
Spiraled Wand	Wand	
Splendid Round Shield	Shield	Armour/Evasion
Splintered Tower Shield	Shield	Armour
Splitnewt Talisman	Amulet	Talisman
Sporebloom Tincture	Tincture	
Squalling Tulgraft	Graft	
Squid Talisman	Amulet	Talisman
Stabilising Sceptre	Sceptre	
Stag Sceptre	Sceptre	
Stealth Boots	Boots	Evasion
Stealth Gloves	Gloves	Evasion
Steel Circlet	Helmet	Energy Shield
Steel Gauntlets	Gloves	Armour
Steel Greaves	Boots	Armour
Steel Kite Shield	Shield	Armour/Energy Shield
Steel Ring	Ring	
Steelhead	Two Handed Mace	
Steelscale Boots	Boots	Armour/Evasion
Steelscale Gauntlets	Gloves	Armour/Evasion
Steelwood Bow	Bow	
Stibnite Flask	Flask	Utility
Stiletto	Dagger	
Stoking Xophgraft	Graft	
Stone Axe	Two Handed Axe	
Stone Hammer	One Handed Mace	
Storming Eshgraft	Graft	
Stormrider Boots	Boots	Evasion
Strapped Boots	Boots	Evasion/Energy Shield
Strapped Leather	Body Armour	Evasion
Strapped Mitts	Gloves	Evasion/Energy Shield
Studded Belt	Belt	
Studded Round Shield	Shield	Armour/Evasion
Stygian Vise	Belt	
Subsuming Spirit Shield	Shield	Energy Shield
Sulphur Flask	Flask	Utility
Summoning Tulgraft	Graft	
Sun Leather	Body Armour	Evasion
Sun Plate	Body Armour	Armour
Sundering Axe	Two Handed Axe	
Sunfire Circlet	Helmet	Energy Shield
Supreme Leather	Body Armour	Evasion
Supreme Spiked Shield	Shield	Evasion/Energy Shield
Synaptic Ring	Ring	
Syndicate's Garb	Body Armour	Evasion
Talon Axe	Two Handed Axe	
Tarnished Spirit Shield	Shield	Energy Shield
Taurus Talisman	Amulet	Talisman
Teak Round Shield	Shield	Armour/Evasion
Tempered Foil	One Handed Sword	Thrusting
Tenderizer	One Handed Mace	
Tenebrous Ring	Ring	
Terror Claw	Claw	
Terror Maul	Two Handed Mace	
Thicket Bow	Bow	
Thief's Garb	Body Armour	Evasion
Thorium Spirit Shield	Shield	Energy Shield
Thorn Rapier	One Handed Sword	Thrusting
Three Hands Talisman	Amulet	Talisman
Three Rat Talisman	Amulet	Talisman
Thresher Claw	Claw	
Throat Stabber	Claw	
Thwarting Gauntlets	Gloves	Armour
Tiger Hook	One Handed Sword	
Tiger Sword	Two Handed Sword	
Tiger Talisman	Amulet	Talisman
Tiger's Paw	Claw	
Timber Axe	Two Handed Axe	
Timeless Jewel	Jewel	Timeless
Timeworn Claw	Claw	
Tinker Gloves	Gloves	Evasion
Titan Gauntlets	Gloves	Armour
Titan Greaves	Boots	Armour
Titan Plate	Body Armour	Armour
Titanium Spirit Shield	Shield	Energy Shield
Tomahawk	One Handed Axe	
Topaz Flask	Flask	Utility
Topaz Ring	Ring	
Tornado Wand	Wand	
Torture Cage	Helmet	Energy Shield
Torturer Garb	Body Armour	Evasion/Energy Shield
Torturer's Mask	Helmet	Evasion/Energy Shield
Totemic Maul	Two Handed Mace	
Transfer-attuned Spirit Shield	Shield	Energy Shield
Transformer Staff	Staff	
Trapper Boots	Boots	Evasion/Energy Shield
Trapper Mitts	Gloves	Evasion/Energy Shield
Trapsetter Gloves	Gloves	Evasion
Tribal Circlet	Helmet	Energy Shield
Tribal Club	One Handed Mace	
Tribal Maul	Two Handed Mace	
Tricorne	Helmet	Evasion
Trisula	Dagger	
Triumphant Lamellar	Body Armour	Armour/Evasion
Turquoise Amulet	Amulet	
Twig Spirit Shield	Shield	Energy Shield
Twilight Blade	One Handed Sword	
Twilight Regalia	Body Armour	Energy Shield
Twin Claw	Claw	
Two-Handed Sword	Two Handed Sword	
Two-Point Arrow Quiver	Quiver	
Two-Stone Ring	Ring	
Two-Stone Ring (Cold/Lightning)	Ring	
Two-Stone Ring (Fire/Cold)	Ring	
Two-Stone Ring (Fire/Lightning)	Ring	
Two-Toned Boots (Armour/Energy Shield)	Boots	Armour/Energy Shield
Two-Toned Boots (Armour/Evasion)	Boots	Armour/Evasion
Two-Toned Boots (Evasion/Energy Shield)	Boots	Evasion/Energy Shield
Tyrant's Sekhem	Sceptre	
Undying Flesh Talisman	Amulet	Talisman
Unset Amulet	Amulet	
Unset Ring	Ring	
Ursa Talisman	Amulet	Talisman
Ursine Charm	Jewel	Charm
Ursine Pelt	Helmet	Evasion
Vaal Axe	Two Handed Axe	
Vaal Blade	One Handed Sword	
Vaal Buckler	Shield	Evasion
Vaal Claw	Claw	
Vaal Gauntlets	Gloves	Armour
Vaal Greatsword	Two Handed Sword	
Vaal Greaves	Boots	Armour
Vaal Hatchet	One Handed Axe	
Vaal Mask	Helmet	Evasion/Energy Shield
Vaal Rapier	One Handed Sword	Thrusting
Vaal Regalia	Body Armour	Energy Shield
Vaal Sceptre	Sceptre	
Vaal Spirit Shield	Shield	Energy Shield
Vanguard Belt	Belt	
Variscite Blade	One Handed Sword	
Varnished Coat	Body Armour	Evasion/Energy Shield
Velour Boots	Boots	Evasion
Velour Gloves	Gloves	Evasion
Velvet Gloves	Gloves	Energy Shield
Velvet Slippers	Boots	Energy Shield
Vermillion Ring	Ring	
Vile Arrow Quiver	Quiver	
Vile Staff	Staff	Warstaff
Vine Circlet	Helmet	Energy Shield
Viridian Jewel	Jewel	
Visored Sallet	Helmet	Armour/Evasion
Void Axe	Two Handed Axe	
Void Fangs	Claw	
Void Sceptre	Sceptre	
Vulture Talisman	Amulet	Talisman
Walnut Spirit Shield	Shield	Energy Shield
War Axe	One Handed Axe	
War Buckler	Shield	Evasion
War Hammer	One Handed Mace	
War Plate	Body Armour	Armour
War Sword	One Handed Sword	
Warlock Boots	Boots	Energy Shield
Warlock Gloves	Gloves	Energy Shield
Watcher Talisman	Amulet	Talisman
Waxed Garb	Body Armour	Evasion/Energy Shield
Wereclaw Talisman	Amulet	Talisman
Whalebone Rapier	One Handed Sword	Thrusting
Widowsilk Robe	Body Armour	Energy Shield
Wild Leather	Body Armour	Evasion
Windbreak Boots	Boots	Evasion
Winter Crown	Helmet	Evasion/Energy Shield
Wolf Alpha Talisman	Amulet	Talisman
Wolf Pelt	Helmet	Evasion
Woodful Staff	Staff	
Woodsplitter	Two Handed Axe	
Wool Gloves	Gloves	Energy Shield
Wool Shoes	Boots	Energy Shield
Wraith Axe	One Handed Axe	
Wraith Sword	Two Handed Sword	
Wrapped Boots	Boots	Evasion/Energy Shield
Wrapped Mitts	Gloves	Evasion/Energy Shield
Wrist Chopper	One Handed Axe	
Writhing Talisman	Amulet	Talisman
Wyrm Mace	One Handed Mace	
Wyrmbone Rapier	One Handed Sword	Thrusting
Wyrmscale Boots	Boots	Armour/Evasion
Wyrmscale Doublet	Body Armour	Armour/Evasion
Wyrmscale Gauntlets	Gloves	Armour/Evasion
Wyvernscale Boots	Boots	Armour/Evasion
Wyvernscale Gauntlets	Gloves	Armour/Evasion
Yew Spirit Shield	Shield	Energy Shield
Zealot Boots	Boots	Armour/Energy Shield
Zealot Gloves	Gloves	Armour/Energy Shield
Zealot Helmet	Helmet	Armour/Energy Shield
Zodiac Leather	Body Armour	Evasion
