Abyssal Axe	Art/2DItems/Weapons/TwoHandWeapons/TwoHandAxes/TwoHandAxe7
Abyssal Sceptre	Art/2DItems/Weapons/OneHandWeapons/Scepters/scepter8
Accumulator Wand	Art/2DItems/Weapons/OneHandWeapons/Wands/HeistWand
Aetherwind Gloves	Art/2DItems/Armours/Gloves/RitualIntGloves
Agate Amulet	Art/2DItems/Amulets/AgateAmulet
Alder Spiked Shield	Art/2DItems/Armours/Shields/ShieldDexInt2
Alloyed Spiked Shield	Art/2DItems/Armours/Shields/ShieldDexInt3
Alternating Sceptre	Art/2DItems/Weapons/OneHandWeapons/Scepters/HeistSceptreElemental
Amber Amulet	Art/2DItems/Amulets/Amulet3
Ambush Boots	Art/2DItems/Armours/Boots/BootsDexInt3
Ambush Mitts	Art/2DItems/Armours/Gloves/GlovesDexInt2
Ambusher	Art/2DItems/Weapons/OneHandWeapons/Daggers/Dagger4
Amethyst Flask	Art/2DItems/Flasks/Amethyst
Amethyst Ring	Art/2DItems/Rings/AmethystRing
Anarchic Spiritblade	Art/2DItems/Weapons/OneHandWeapons/OneHandSwords/HeistOneHandSword
Ancestral Club	Art/2DItems/Weapons/OneHandWeapons/OneHandMaces/OneHandMace2
Ancient Gauntlets	Art/2DItems/Armours/Gloves/GlovesStr3
Ancient Greaves	Art/2DItems/Armours/Boots/BootsStr3
Ancient Mask	Art/2DItems/Armours/Helmets/HelmetDexInt10
Ancient Spirit Shield	Art/2DItems/Armours/Shields/ShieldInt4
Ancient Sword	Art/2DItems/Weapons/OneHandWeapons/OneHandSwords/OneHandSword6
Angelic Kite Shield	Art/2DItems/Armours/Shields/ShieldStrInt5
Antique Gauntlets	Art/2DItems/Armours/Gloves/GlovesStr2
Antique Greaves	Art/2DItems/Armours/Boots/BootsStr2
Antique Rapier	Art/2DItems/Weapons/OneHandWeapons/Rapiers/Rapier6
Apex Cleaver	Art/2DItems/Weapons/TwoHandWeapons/TwoHandAxes/HeistTwoHandAxe
Apex Rapier	Art/2DItems/Weapons/OneHandWeapons/Rapiers/Rapier8
Apothecary's Gloves	Art/2DItems/Armours/Gloves/ChemistGloves
Apprentice Gloves	Art/2DItems/Armours/Gloves/RitualDexGloves
Aquamarine Flask	Art/2DItems/Flasks/aquamarine
Arcane Vestment	Art/2DItems/Armours/BodyArmours/BodyInt1C
Arcanist Gloves	Art/2DItems/Armours/Gloves/GlovesInt3
Arcanist Slippers	Art/2DItems/Armours/Boots/BootsInt3
Archdemon Crown	Art/2DItems/Armours/Helmets/MaskCrown
Archon Kite Shield	Art/2DItems/Armours/Shields/ShieldStrInt5
Arena Plate	Art/2DItems/Armours/BodyArmours/BodyStr2C
Arming Axe	Art/2DItems/Weapons/OneHandWeapons/OneHandAxes/OneHandAxe6
Artillery Quiver	Art/2DItems/Quivers/ChiselQuiver
Ashbark Tincture	Art/2DItems/Flasks/IgniteSap
Ashscale Talisman	Art/2DItems/Amulets/TalismanWhite8
Assassin Bow	Art/2DItems/Weapons/TwoHandWeapons/Bows/Bow5
Assassin's Boots	Art/2DItems/Armours/Boots/BootsDexInt3
Assassin's Garb	Art/2DItems/Armours/BodyArmours/BodyDex2C
Assassin's Mitts	Art/2DItems/Armours/Gloves/GlovesDexInt2
Assembler Wand	Art/2DItems/Weapons/OneHandWeapons/Wands/HeistWand
Astral Leather	Art/2DItems/Armours/BodyArmours/BodyDex3C
Astral Plate	Art/2DItems/Armours/BodyArmours/BodyStr1C
Astrolabe Amulet	Art/2DItems/Amulets/HeistAmulet1
Atonement Mask	Art/2DItems/Armours/Helmets/HelmetStrDexR
Auric Mace	Art/2DItems/Weapons/OneHandWeapons/OneHandMaces/OneHandMace7
Aventail Helmet	Art/2DItems/Armours/Helmets/HelmetStrInt5
Avian Twins Talisman	Art/2DItems/Amulets/TalismanBlack2
Awl	Art/2DItems/Weapons/OneHandWeapons/Claws/Claw3
Banishing Blade	Art/2DItems/Weapons/TwoHandWeapons/TwoHandSwords/HeistTwoHandSword
Barbed Club	Art/2DItems/Weapons/OneHandWeapons/OneHandMaces/OneHandMace3
Barbute Helmet	Art/2DItems/Armours/Helmets/HelmetStr3
Baroque Round Shield	Art/2DItems/Armours/Shields/ShieldStrDex5
Basalt Flask	Art/2DItems/Flasks/stone
Baselard	Art/2DItems/Weapons/OneHandWeapons/OneHandSwords/OneHandSword4
Basemetal Treads	Art/2DItems/Armours/Boots/RitualStrBoots
Basket Rapier	Art/2DItems/Weapons/OneHandWeapons/Rapiers/Rapier4
Bastard Sword	Art/2DItems/Weapons/TwoHandWeapons/TwoHandSwords/TwoHandSword3
Battered Foil	Art/2DItems/Weapons/OneHandWeapons/Rapiers/Rapier3
Battered Helm	Art/2DItems/Armours/Helmets/HelmetStrDex1
Battery Staff	Art/2DItems/Weapons/TwoHandWeapons/Staves/HeistStaff
Battle Buckler	Art/2DItems/Armours/Shields/ShieldDex5
Battle Hammer	Art/2DItems/Weapons/OneHandWeapons/OneHandMaces/OneHandMace5
Battle Lamellar	Art/2DItems/Armours/BodyArmours/BodyStr4A
Battle Plate	Art/2DItems/Armours/BodyArmours/BodyStr2B
Battle Sword	Art/2DItems/Weapons/OneHandWeapons/OneHandSwords/OneHandSword5
Behemoth Mace	Art/2DItems/Weapons/OneHandWeapons/OneHandMaces/OneHandMace9
Bismuth Flask	Art/2DItems/Flasks/bismuth
Black Maw Talisman	Art/2DItems/Amulets/TalismanWhite3
Bladed Mace	Art/2DItems/Weapons/OneHandWeapons/OneHandMaces/OneHandMace6
Blasting Blade	Art/2DItems/Weapons/TwoHandWeapons/TwoHandSwords/HeistTwoHandSword
Blazing Arrow Quiver	Art/2DItems/Quivers/QuiverFire
Blinder	Art/2DItems/Weapons/OneHandWeapons/Claws/Claw5
Blizzard Crown	Art/2DItems/Armours/Helmets/HelmetDexIntR
Blood Raiment	Art/2DItems/Armours/BodyArmours/BodyDexInt1C
Blood Sap Tincture	Art/2DItems/Flasks/BleedSap
Blood Sceptre	Art/2DItems/Weapons/OneHandWeapons/Scepters/scepter6
Blue Pearl Amulet	Art/2DItems/Amulets/BluePearlAmulet
Blunt Arrow Quiver	Art/2DItems/Quivers/QuiverBlunt
Blunt Force Condenser	Art/2DItems/Weapons/TwoHandWeapons/TwoHandMaces/HeistTwoHandMace
Boarding Axe	Art/2DItems/Weapons/OneHandWeapons/OneHandAxes/OneHandAxe3
Bone Armour	Art/2DItems/Armours/BodyArmours/BodyDexInt4C
Bone Bow	Art/2DItems/Weapons/TwoHandWeapons/Bows/Bow6
Bone Circlet	Art/2DItems/Armours/Helmets/HelmetInt5
Bone Helmet	Art/2DItems/Armours/Helmets/BoneHelm
Bone Ring	Art/2DItems/Rings/BoneRing
Bone Spirit Shield	Art/2DItems/Armours/Shields/ShieldInt3
Bonespire Talisman	Art/2DItems/Amulets/TalismanWhite7
Boom Mace	Art/2DItems/Weapons/OneHandWeapons/OneHandMaces/HeistOneHandMace
Boot Blade	Art/2DItems/Weapons/OneHandWeapons/Daggers/Dagger5
Boot Knife	Art/2DItems/Weapons/OneHandWeapons/Daggers/Dagger5
Borealwood Tincture	Art/2DItems/Flasks/FreezeSap
Branded Kite Shield	Art/2DItems/Armours/Shields/ShieldStrInt2
Brass Maul	Art/2DItems/Weapons/TwoHandWeapons/TwoHandMaces/TwoHandMace6
Brass Spirit Shield	Art/2DItems/Armours/Shields/ShieldInt6
Breach Ring	Art/2DItems/Rings/BreachRing
Breakrib Talisman	Art/2DItems/Amulets/TalismanWhite1
Brimstone Treads	Art/2DItems/Armours/Boots/RitualStrBoots
Broad Axe	Art/2DItems/Weapons/OneHandWeapons/OneHandAxes/OneHandAxe5
Broad Sword	Art/2DItems/Weapons/OneHandWeapons/OneHandSwords/OneHandSword4
Broadhead Arrow Quiver	Art/2DItems/Quivers/QuiverBroadhead
Bronze Gauntlets	Art/2DItems/Armours/Gloves/GlovesStr3
Bronze Plate	Art/2DItems/Armours/BodyArmours/BodyStr1B
Bronze Sceptre	Art/2DItems/Weapons/OneHandWeapons/Scepters/scepter3
Bronze Tower Shield	Art/2DItems/Armours/Shields/ShieldStr5
Bronzescale Boots	Art/2DItems/Armours/Boots/BootsStrDex3
Bronzescale Gauntlets	Art/2DItems/Armours/Gloves/GlovesStrDex3
Buckskin Tower Shield	Art/2DItems/Armours/Shields/ShieldStr3
Buckskin Tunic	Art/2DItems/Armours/BodyArmours/BodyDex1B
Burnished Foil	Art/2DItems/Weapons/OneHandWeapons/Rapiers/Rapier3
Burnished Spiked Shield	Art/2DItems/Armours/Shields/ShieldDexInt4
Butcher Axe	Art/2DItems/Weapons/OneHandWeapons/OneHandAxes/OneHandAxe5
Butcher Knife	Art/2DItems/Weapons/OneHandWeapons/Daggers/Dagger3
Butcher Sword	Art/2DItems/Weapons/TwoHandWeapons/TwoHandSwords/TwoHandSword2
Cabalist Regalia	Art/2DItems/Armours/BodyArmours/BodyStrDexInt1C
Calling Wand	Art/2DItems/Weapons/OneHandWeapons/Wands/ConvokingWand
Callous Mask	Art/2DItems/Armours/Helmets/HelmetDexInt7
Capacity Rod	Art/2DItems/Weapons/TwoHandWeapons/Staves/HeistWarStaff
Capricious Spiritblade	Art/2DItems/Weapons/OneHandWeapons/OneHandSwords/HeistOneHandSword
Cardinal Round Shield	Art/2DItems/Armours/Shields/ShieldStrDex4
Carnal Armour	Art/2DItems/Armours/BodyArmours/BodyDexInt4C
Carnal Boots	Art/2DItems/Armours/Boots/BootsDexInt4
Carnal Mitts	Art/2DItems/Armours/Gloves/GlovesDexInt3
Carnal Sceptre	Art/2DItems/Weapons/OneHandWeapons/Scepters/scepter7
Carved Wand	Art/2DItems/Weapons/OneHandWeapons/Wands/Wand3
Carving Knife	Art/2DItems/Weapons/OneHandWeapons/Daggers/Dagger3
Cat's Paw	Art/2DItems/Weapons/OneHandWeapons/Claws/Claw4
Cedar Tower Shield	Art/2DItems/Armours/Shields/ShieldStr4
Ceremonial Axe	Art/2DItems/Weapons/OneHandWeapons/OneHandAxes/OneHandAxe7
Ceremonial Kite Shield	Art/2DItems/Armours/Shields/ShieldStrInt5
Ceremonial Mace	Art/2DItems/Weapons/OneHandWeapons/OneHandMaces/OneHandMace7
Cerulean Ring	Art/2DItems/Rings/CeruleanRing
Chain Belt	Art/2DItems/Belts/Belt2
Chain Boots	Art/2DItems/Armours/Boots/BootsStrInt1
Chain Gloves	Art/2DItems/Armours/Gloves/GlovesStrInt1
Chain Hauberk	Art/2DItems/Armours/BodyArmours/BodyStrInt2C
Chainmail Doublet	Art/2DItems/Armours/BodyArmours/BodyStrInt2B
Chainmail Tunic	Art/2DItems/Armours/BodyArmours/BodyStrInt2A
Chainmail Vest	Art/2DItems/Armours/BodyArmours/BodyStrInt1A
Champion Kite Shield	Art/2DItems/Armours/Shields/ShieldStrInt4
Charan's Sword	Art/2DItems/Weapons/OneHandWeapons/OneHandSwords/TheGoddessUnleashed
Chest Splitter	Art/2DItems/Weapons/OneHandWeapons/OneHandAxes/OneHandAxe6
Chestplate	Art/2DItems/Armours/BodyArmours/BodyStr2A
Chimerascale Boots	Art/2DItems/Armours/Boots/BootsStrDex2
Chimerascale Gauntlets	Art/2DItems/Armours/Gloves/GlovesStrDex2
Chiming Spirit Shield	Art/2DItems/Armours/Shields/ShieldInt5
Chrysalis Talisman	Art/2DItems/Amulets/NewTalisman2
Citadel Bow	Art/2DItems/Weapons/TwoHandWeapons/Bows/Bow3
Citrine Amulet	Art/2DItems/Amulets/CitrineAmulet
Clasped Boots	Art/2DItems/Armours/Boots/BootsDexInt3
Clasped Mitts	Art/2DItems/Armours/Gloves/GlovesDexInt3
Cleaver	Art/2DItems/Weapons/OneHandWeapons/OneHandAxes/OneHandAxe4
Close Helmet	Art/2DItems/Armours/Helmets/HelmetStr4
Cloth Belt	Art/2DItems/Belts/Belt4
Cloudwhisper Boots	Art/2DItems/Armours/Boots/RitualDexBoots
Clutching Talisman	Art/2DItems/Amulets/TalismanBlack3
Cobalt Jewel	Art/2DItems/Jewels/basicint
Cogwork Ring	Art/2DItems/Rings/HeistRing1
Coiled Staff	Art/2DItems/Weapons/TwoHandWeapons/Staves/Staff5
Coiled Wand	Art/2DItems/Weapons/OneHandWeapons/Wands/Wand5
Cold-attuned Buckler	Art/2DItems/Armours/Shields/DexHeistShield
Colossal Hybrid Flask	Art/2DItems/Flasks/hybridflask1
Colossal Life Flask	Art/2DItems/Flasks/lifeflask7
Colossal Mana Flask	Art/2DItems/Flasks/manaflask7
Colossal Tower Shield	Art/2DItems/Armours/Shields/ShieldStr6
Colosseum Plate	Art/2DItems/Armours/BodyArmours/BodyStr2C
Colossus Mallet	Art/2DItems/Weapons/TwoHandWeapons/TwoHandMaces/TwoHandMace3
Commander's Brigandine	Art/2DItems/Armours/BodyArmours/BodyStrDex2C
Composite Bow	Art/2DItems/Weapons/TwoHandWeapons/Bows/Bow4
Composite Ring	Art/2DItems/Rings/HeistRing2Silver
Compound Bow	Art/2DItems/Weapons/TwoHandWeapons/Bows/Bow4
Compound Spiked Shield	Art/2DItems/Armours/Shields/ShieldDexInt3
Conductive Quiver	Art/2DItems/Quivers/Quiver3
Cone Helmet	Art/2DItems/Armours/Helmets/HelmetStr2
Congregator Wand	Art/2DItems/Weapons/OneHandWeapons/Wands/HeistWand
Conjurer Boots	Art/2DItems/Armours/Boots/BootsInt4
Conjurer Gloves	Art/2DItems/Armours/Gloves/GlovesInt4
Conjurer's Vestment	Art/2DItems/Armours/BodyArmours/BodyInt1C
Conqueror's Helmet	Art/2DItems/Armours/Helmets/HelmetStr10
Conquest Chainmail	Art/2DItems/Armours/BodyArmours/BodyStrInt2B
Conquest Helmet	Art/2DItems/Armours/Helmets/HelmetStrDex7
Conquest Lamellar	Art/2DItems/Armours/BodyArmours/BodyStr4A
Convening Wand	Art/2DItems/Weapons/OneHandWeapons/Wands/ConvokingWand
Convoking Wand	Art/2DItems/Weapons/OneHandWeapons/Wands/ConvokingWand
Copper Kris	Art/2DItems/Weapons/OneHandWeapons/Daggers/Dagger6
Copper Plate	Art/2DItems/Armours/BodyArmours/BodyStr1B
Copper Sword	Art/2DItems/Weapons/OneHandWeapons/OneHandSwords/OneHandSword2
Copper Tower Shield	Art/2DItems/Armours/Shields/ShieldStr5
Coral Amulet	Art/2DItems/Amulets/Amulet2
Coral Ring	Art/2DItems/Rings/Ring2
Coronal Leather	Art/2DItems/Armours/BodyArmours/BodyDex3C
Coronal Maul	Art/2DItems/Weapons/TwoHandWeapons/TwoHandMaces/TwoHandMace8
Corroded Blade	Art/2DItems/Weapons/TwoHandWeapons/TwoHandSwords/TwoHandSword1
Corroded Tower Shield	Art/2DItems/Armours/Shields/ShieldStr2
Corrugated Buckler	Art/2DItems/Armours/Shields/ShieldDex4
Corsair Sword	Art/2DItems/Weapons/OneHandWeapons/OneHandSwords/OneHandSword3
Corundum Flask	Art/2DItems/Flasks/AntiStunFlask
Courtesan Sword	Art/2DItems/Weapons/OneHandWeapons/Rapiers/Rapier9
Crack Mace	Art/2DItems/Weapons/OneHandWeapons/OneHandMaces/HeistOneHandMace
Crescent Staff	Art/2DItems/Weapons/TwoHandWeapons/Staves/Staff8
Crested Tower Shield	Art/2DItems/Armours/Shields/ShieldStr7
Crimson Jewel	Art/2DItems/Jewels/basicstr
Crimson Raiment	Art/2DItems/Armours/BodyArmours/BodyDexInt1C
Crimson Round Shield	Art/2DItems/Armours/Shields/ShieldStrDex4
Crude Bow	Art/2DItems/Weapons/TwoHandWeapons/Bows/Bow1
Crusader Boots	Art/2DItems/Armours/Boots/BootsStrInt3
Crusader Buckler	Art/2DItems/Armours/Shields/ShieldDex5
Crusader Chainmail	Art/2DItems/Armours/BodyArmours/BodyStrInt2B
Crusader Gloves	Art/2DItems/Armours/Gloves/GlovesStrInt3
Crusader Helmet	Art/2DItems/Armours/Helmets/HelmetStrInt4
Crusader Plate	Art/2DItems/Armours/BodyArmours/BodyStr2B
Crushing Force Magnifier	Art/2DItems/Weapons/TwoHandWeapons/TwoHandMaces/HeistTwoHandMace
Crypt Armour	Art/2DItems/Armours/BodyArmours/BodyDexInt4C
Crystal Belt	Art/2DItems/Belts/CrystalBelt
Crystal Sceptre	Art/2DItems/Weapons/OneHandWeapons/Scepters/scepter4
Crystal Wand	Art/2DItems/Weapons/OneHandWeapons/Wands/Wand4
Cured Quiver	Art/2DItems/Quivers/Quiver1
Curved Blade	Art/2DItems/Weapons/TwoHandWeapons/TwoHandSwords/TwoHandSword8
Cutlass	Art/2DItems/Weapons/OneHandWeapons/OneHandSwords/OneHandSword3
Cutthroat's Garb	Art/2DItems/Armours/BodyArmours/BodyDex2C
Dagger Axe	Art/2DItems/Weapons/TwoHandWeapons/TwoHandAxes/TwoHandAxe8
Darksteel Treads	Art/2DItems/Armours/Boots/RitualStrBoots
Darkwood Sceptre	Art/2DItems/Weapons/OneHandWeapons/Scepters/scepter2
Deadhand Talisman	Art/2DItems/Amulets/TalismanWhite4
Death Bow	Art/2DItems/Weapons/TwoHandWeapons/Bows/Bow8
Decimation Bow	Art/2DItems/Weapons/TwoHandWeapons/Bows/Bow8
Decorative Axe	Art/2DItems/Weapons/OneHandWeapons/OneHandAxes/OneHandAxe7
Decurve Bow	Art/2DItems/Weapons/TwoHandWeapons/Bows/Bow3
Deep One Talisman	Art/2DItems/Amulets/TalismanWhite5
Deerskin Boots	Art/2DItems/Armours/Boots/BootsDex3
Deerskin Gloves	Art/2DItems/Armours/Gloves/GlovesDex3
Deicide Mask	Art/2DItems/Armours/Helmets/HelmetDexInt11
Demon Crown	Art/2DItems/Armours/Helmets/MaskCrown
Demon Dagger	Art/2DItems/Weapons/OneHandWeapons/Daggers/Dagger8
Demon's Horn	Art/2DItems/Weapons/OneHandWeapons/Wands/Wand2
Desert Brigandine	Art/2DItems/Armours/BodyArmours/BodyStrDex2B
Despot Axe	Art/2DItems/Weapons/TwoHandWeapons/TwoHandAxes/TwoHandAxe6
Destiny Leather	Art/2DItems/Armours/BodyArmours/BodyDex3B
Destroyer Regalia	Art/2DItems/Armours/BodyArmours/BodyStrDexInt1C
Devout Chainmail	Art/2DItems/Armours/BodyArmours/BodyStrInt3C
Diamond Flask	Art/2DItems/Flasks/diamond
Diamond Ring	Art/2DItems/Rings/DiamondRing
Dire Pelt	Art/2DItems/Armours/Helmets/HelmetDex4
Disapprobation Axe	Art/2DItems/Weapons/OneHandWeapons/OneHandAxes/HeistOnehandAxe
Divine Crown	Art/2DItems/Armours/Helmets/HelmetStrInt9
Divine Life Flask	Art/2DItems/Flasks/lifeflask11
Divine Mana Flask	Art/2DItems/Flasks/manaflask11
Double Axe	Art/2DItems/Weapons/TwoHandWeapons/TwoHandAxes/TwoHandAxe5
Double Claw	Art/2DItems/Weapons/OneHandWeapons/Claws/Claw9
Dragon Mace	Art/2DItems/Weapons/OneHandWeapons/OneHandMaces/OneHandMace9
Dragonbone Rapier	Art/2DItems/Weapons/OneHandWeapons/Rapiers/Rapier2
Dragonscale Boots	Art/2DItems/Armours/Boots/BootsStrDex3
Dragonscale Doublet	Art/2DItems/Armours/BodyArmours/BodyStrDex1B
Dragonscale Gauntlets	Art/2DItems/Armours/Gloves/GlovesStrDex3
Dragoon Sword	Art/2DItems/Weapons/OneHandWeapons/Rapiers/Rapier9
Dread Maul	Art/2DItems/Weapons/TwoHandWeapons/TwoHandMaces/TwoHandMace7
Dream Mace	Art/2DItems/Weapons/OneHandWeapons/OneHandMaces/OneHandMace8
Dreamquest Slippers	Art/2DItems/Armours/Boots/RitualIntBoots
Driftwood Club	Art/2DItems/Weapons/OneHandWeapons/OneHandMaces/OneHandMace1
Driftwood Maul	Art/2DItems/Weapons/TwoHandWeapons/TwoHandMaces/TwoHandMace1
Driftwood Sceptre	Art/2DItems/Weapons/OneHandWeapons/Scepters/scepter1
Driftwood Spiked Shield	Art/2DItems/Armours/Shields/ShieldDexInt2
Driftwood Wand	Art/2DItems/Weapons/OneHandWeapons/Wands/Wand1
Dusk Blade	Art/2DItems/Weapons/OneHandWeapons/OneHandSwords/OneHandSword8
Dusk Ring	Art/2DItems/Rings/LakeRing1
Duskwalk Slippers	Art/2DItems/Armours/Boots/RitualIntBoots
Eagle Claw	Art/2DItems/Weapons/OneHandWeapons/Claws/Claw8
Ebony Tower Shield	Art/2DItems/Armours/Shields/ShieldStr4
Eclipse Staff	Art/2DItems/Weapons/TwoHandWeapons/Staves/Staff8
Eelskin Boots	Art/2DItems/Armours/Boots/BootsDex2
Eelskin Gloves	Art/2DItems/Armours/Gloves/GlovesDex2
Eelskin Tunic	Art/2DItems/Armours/BodyArmours/BodyDex1B
Elder Sword	Art/2DItems/Weapons/OneHandWeapons/OneHandSwords/OneHandSword6
Elegant Foil	Art/2DItems/Weapons/OneHandWeapons/Rapiers/Rapier7
Elegant Ringmail	Art/2DItems/Armours/BodyArmours/BodyStrInt1C
Elegant Round Shield	Art/2DItems/Armours/Shields/ShieldStrDex5
Elegant Sword	Art/2DItems/Weapons/OneHandWeapons/OneHandSwords/OneHandSword7
Embroidered Gloves	Art/2DItems/Armours/Gloves/GlovesInt4
Enameled Buckler	Art/2DItems/Armours/Shields/ShieldDex3
Endothermic Buckler	Art/2DItems/Armours/Shields/DexHeistShield
Energy Blade	Art/2DItems/Gems/StormBladeGem
Engraved Greatsword	Art/2DItems/Weapons/TwoHandWeapons/TwoHandSwords/TwoHandSword5
Engraved Hatchet	Art/2DItems/Weapons/OneHandWeapons/OneHandAxes/OneHandAxe9
Engraved Wand	Art/2DItems/Weapons/OneHandWeapons/Wands/Wand3
Estoc	Art/2DItems/Weapons/OneHandWeapons/Rapiers/Rapier4
Etched Greatsword	Art/2DItems/Weapons/TwoHandWeapons/TwoHandSwords/TwoHandSword5
Etched Hatchet	Art/2DItems/Weapons/OneHandWeapons/OneHandAxes/OneHandAxe9
Etched Kite Shield	Art/2DItems/Armours/Shields/ShieldStrInt2
Eternal Burgonet	Art/2DItems/Armours/Helmets/HelmetStr11
Eternal Life Flask	Art/2DItems/Flasks/lifeflask12
Eternal Mana Flask	Art/2DItems/Flasks/manaflask12
Eternal Sword	Art/2DItems/Weapons/OneHandWeapons/OneHandSwords/OneHandSword7
Eventuality Rod	Art/2DItems/Weapons/TwoHandWeapons/Staves/HeistWarStaff
Exhausting Spirit Shield	Art/2DItems/Armours/Shields/IntHeistShield
Exothermic Tower Shield	Art/2DItems/Armours/Shields/HeistShield
Exquisite Blade	Art/2DItems/Weapons/TwoHandWeapons/TwoHandSwords/TwoHandSword8
Exquisite Leather	Art/2DItems/Armours/BodyArmours/BodyDex1C
Eye Gouger	Art/2DItems/Weapons/OneHandWeapons/Claws/Claw5
Ezomyte Axe	Art/2DItems/Weapons/TwoHandWeapons/TwoHandAxes/TwoHandAxe4
Ezomyte Blade	Art/2DItems/Weapons/TwoHandWeapons/TwoHandSwords/TwoHandSword4
Ezomyte Burgonet	Art/2DItems/Armours/Helmets/HelmetStr9
Ezomyte Dagger	Art/2DItems/Weapons/OneHandWeapons/Daggers/Dagger5
Ezomyte Spiked Shield	Art/2DItems/Armours/Shields/ShieldDexInt3
Ezomyte Staff	Art/2DItems/Weapons/TwoHandWeapons/Staves/Staff4
Ezomyte Tower Shield	Art/2DItems/Armours/Shields/ShieldStr5
Faithful Helmet	Art/2DItems/Armours/Helmets/HelmetStrInt4
Fancy Foil	Art/2DItems/Weapons/OneHandWeapons/Rapiers/Rapier7
Fangjaw Talisman	Art/2DItems/Amulets/TalismanBlack5
Faun's Horn	Art/2DItems/Weapons/OneHandWeapons/Wands/Wand2
Feathered Arrow Quiver	Art/2DItems/Quivers/FeatheredArrowQuiver
Fencer Helm	Art/2DItems/Armours/Helmets/HelmetStrDex6
Festival Mask	Art/2DItems/Armours/Helmets/HelmetDexInt4
Fickle Spiritblade	Art/2DItems/Weapons/OneHandWeapons/OneHandSwords/HeistOneHandSword
Field Lamellar	Art/2DItems/Armours/BodyArmours/BodyStr4A
Fiend Dagger	Art/2DItems/Weapons/OneHandWeapons/Daggers/Dagger8
Fingerless Silk Gloves	Art/2DItems/Armours/Gloves/FingerlessSilkGloves
Fir Round Shield	Art/2DItems/Armours/Shields/ShieldStrDex2
Fire Arrow Quiver	Art/2DItems/Quivers/QuiverFire
Fishing Rod	Art/2DItems/Weapons/TwoHandWeapons/FishingRods/FishingRod1
Fishscale Gauntlets	Art/2DItems/Armours/Gloves/GlovesStrDex1
Flanged Mace	Art/2DItems/Weapons/OneHandWeapons/OneHandMaces/OneHandMace6
Flare Mace	Art/2DItems/Weapons/OneHandWeapons/OneHandMaces/HeistOneHandMace
Flashfire Blade	Art/2DItems/Weapons/OneHandWeapons/Daggers/HeistRuneDagger
Flaying Knife	Art/2DItems/Weapons/OneHandWeapons/Daggers/Dagger2
Fleshripper	Art/2DItems/Weapons/TwoHandWeapons/TwoHandAxes/TwoHandAxe8
Flickerflame Blade	Art/2DItems/Weapons/OneHandWeapons/Daggers/HeistRuneDagger
Fluted Bascinet	Art/2DItems/Armours/Helmets/HelmetStrDex8
Focused Amulet	Art/2DItems/Amulets/HeistAmulet1Silver
Footman Sword	Art/2DItems/Weapons/TwoHandWeapons/TwoHandSwords/TwoHandSword3
Fossilised Spirit Shield	Art/2DItems/Armours/Shields/ShieldInt3
Foul Staff	Art/2DItems/Weapons/TwoHandWeapons/Staves/Staff7
Foundry Bow	Art/2DItems/Weapons/TwoHandWeapons/Bows/HeistBowFire
Fright Claw	Art/2DItems/Weapons/OneHandWeapons/Claws/Claw8
Fright Maul	Art/2DItems/Weapons/TwoHandWeapons/TwoHandMaces/TwoHandMace7
Frontier Leather	Art/2DItems/Armours/BodyArmours/BodyDex3B
Fugitive Boots	Art/2DItems/Armours/Boots/HalfTonedBoots
Fulgurite Tincture	Art/2DItems/Flasks/ShockSap
Full Chainmail	Art/2DItems/Armours/BodyArmours/BodyStrInt2C
Full Dragonscale	Art/2DItems/Armours/BodyArmours/BodyStrDex1C
Full Leather	Art/2DItems/Armours/BodyArmours/BodyDex1C
Full Plate	Art/2DItems/Armours/BodyArmours/BodyStr1C
Full Ringmail	Art/2DItems/Armours/BodyArmours/BodyStrInt1C
Full Scale Armour	Art/2DItems/Armours/BodyArmours/BodyStrDex1C
Full Wyrmscale	Art/2DItems/Armours/BodyArmours/BodyStrDex1C
Full Wyvernscale	Art/2DItems/Armours/BodyArmours/BodyStrDex1C
Gale Crown	Art/2DItems/Armours/Helmets/HelmetDexIntR
Gavel	Art/2DItems/Weapons/OneHandWeapons/OneHandMaces/OneHandMace4
Gemini Claw	Art/2DItems/Weapons/OneHandWeapons/Claws/Claw9
Gemstone Sword	Art/2DItems/Weapons/OneHandWeapons/OneHandSwords/OneHandSword2
General's Brigandine	Art/2DItems/Armours/BodyArmours/BodyStrDex2C
General's Helmet	Art/2DItems/Armours/Helmets/HelmetStr9
Geodesic Ring	Art/2DItems/Rings/HeistRing2
Ghastly Eye Jewel	Art/2DItems/Jewels/GhastlyEye
Giant Life Flask	Art/2DItems/Flasks/lifeflask6
Giant Mana Flask	Art/2DItems/Flasks/manaflask6
Giantslayer Helmet	Art/2DItems/Armours/Helmets/HelmetStr11
Gilded Axe	Art/2DItems/Weapons/TwoHandWeapons/TwoHandAxes/TwoHandAxe6
Gilded Buckler	Art/2DItems/Armours/Shields/ShieldDex6
Gilded Sallet	Art/2DItems/Armours/Helmets/HelmetStrDex4
Girded Tower Shield	Art/2DItems/Armours/Shields/ShieldStr6
Gladiator Helmet	Art/2DItems/Armours/Helmets/HelmetStr5
Gladiator Plate	Art/2DItems/Armours/BodyArmours/BodyStr2C
Gladius	Art/2DItems/Weapons/OneHandWeapons/OneHandSwords/OneHandSword4
Glass Shank	Art/2DItems/Weapons/OneHandWeapons/Daggers/Dagger1
Gloam Ring	Art/2DItems/Rings/LakeRing3
Glorious Leather	Art/2DItems/Armours/BodyArmours/BodyDex1C
Glorious Plate	Art/2DItems/Armours/BodyArmours/BodyStr3C
Gnarled Branch	Art/2DItems/Weapons/TwoHandWeapons/Staves/Staff1
Goat's Horn	Art/2DItems/Weapons/OneHandWeapons/Wands/Wand2
Goathide Boots	Art/2DItems/Armours/Boots/BootsDex2
Goathide Buckler	Art/2DItems/Armours/Shields/ShieldDex1
Goathide Gloves	Art/2DItems/Armours/Gloves/GlovesDex2
Gold Amulet	Art/2DItems/Amulets/Amulet6
Gold Flask	Art/2DItems/Flasks/GoldFlask
Gold Ring	Art/2DItems/Rings/Ring4
Golden Blade	Art/2DItems/Weapons/OneHandWeapons/OneHandSwords/DemigodsAuthority
Golden Bracers	Art/2DItems/Armours/Gloves/DemigodsTouch
Golden Buckler	Art/2DItems/Armours/Shields/ShieldDex6
Golden Caligae	Art/2DItems/Armours/Boots/DemigodsStride
Golden Flame	Art/2DItems/Armours/Shields/DemigodsShield
Golden Hoop	Art/2DItems/Rings/DemigodsBand
Golden Kris	Art/2DItems/Weapons/OneHandWeapons/Daggers/Dagger6
Golden Mantle	Art/2DItems/Armours/BodyArmours/DemigodsArmour
Golden Mask	Art/2DItems/Armours/Helmets/HelmetDexInt5
Golden Obi	Art/2DItems/Belts/Demibelt1
Golden Plate	Art/2DItems/Armours/BodyArmours/BodyStr1B
Golden Visage	Art/2DItems/Armours/Helmets/DemigodsImmortality
Golden Wreath	Art/2DItems/Armours/Helmets/Demigodstriumph
Goliath Gauntlets	Art/2DItems/Armours/Gloves/GlovesStr4
Goliath Greaves	Art/2DItems/Armours/Boots/BootsStr4
Gouger	Art/2DItems/Weapons/OneHandWeapons/Claws/Claw3
Graceful Sword	Art/2DItems/Weapons/OneHandWeapons/OneHandSwords/OneHandSword7
Grand Life Flask	Art/2DItems/Flasks/lifeflask5
Grand Mana Flask	Art/2DItems/Flasks/manaflask5
Grand Ringmail	Art/2DItems/Armours/BodyArmours/BodyStrInt1C
Granite Flask	Art/2DItems/Flasks/granite
Grappler	Art/2DItems/Weapons/OneHandWeapons/OneHandSwords/OneHandSword9
Grasping Mail	Art/2DItems/Armours/BodyArmours/GraspingMail
Great Crown	Art/2DItems/Armours/Helmets/HelmetStrInt7
Great Helmet	Art/2DItems/Armours/Helmets/HelmetStrInt3
Great Mallet	Art/2DItems/Weapons/TwoHandWeapons/TwoHandMaces/TwoHandMace3
Great White Claw	Art/2DItems/Weapons/OneHandWeapons/Claws/Claw2
Greater Life Flask	Art/2DItems/Flasks/lifeflask4
Greater Mana Flask	Art/2DItems/Flasks/manaflask4
Greatwolf Talisman	Art/2DItems/Amulets/T4Talisman
Grinning Fetish	Art/2DItems/Weapons/OneHandWeapons/Scepters/scepter2
Gripped Gloves	Art/2DItems/Armours/Gloves/GripGlovesBaseType
Grizzly Pelt	Art/2DItems/Armours/Helmets/HelmetDex7
Grove Bow	Art/2DItems/Weapons/TwoHandWeapons/Bows/Bow2
Guarding Gauntlets	Art/2DItems/Armours/Gloves/RitualStrGloves
Gut Ripper	Art/2DItems/Weapons/OneHandWeapons/Claws/Claw5
Gutting Knife	Art/2DItems/Weapons/OneHandWeapons/Daggers/Dagger2
Hallowed Hybrid Flask	Art/2DItems/Flasks/hybridflask4
Hallowed Life Flask	Art/2DItems/Flasks/lifeflask9
Hallowed Mana Flask	Art/2DItems/Flasks/manaflask9
Hammered Buckler	Art/2DItems/Armours/Shields/ShieldDex4
Harbinger Bow	Art/2DItems/Weapons/TwoHandWeapons/Bows/Bow8
Harlequin Mask	Art/2DItems/Armours/Helmets/HelmetDexInt9
Harmonic Spirit Shield	Art/2DItems/Armours/Shields/ShieldInt5
Harpy Rapier	Art/2DItems/Weapons/OneHandWeapons/Rapiers/Rapier8
Harpyskin Boots	Art/2DItems/Armours/Boots/BootsDex3
Harpyskin Gloves	Art/2DItems/Armours/Gloves/GlovesDex3
Haunted Bascinet	Art/2DItems/Armours/Helmets/HelmetStrDex10
Headman's Sword	Art/2DItems/Weapons/TwoHandWeapons/TwoHandSwords/TwoHandSword2
Headsman Axe	Art/2DItems/Weapons/TwoHandWeapons/TwoHandAxes/TwoHandAxe4
Heat-attuned Tower Shield	Art/2DItems/Armours/Shields/HeistShield
Heathen Wand	Art/2DItems/Weapons/OneHandWeapons/Wands/Wand7
Heavy Arrow Quiver	Art/2DItems/Quivers/QuiverBlunt
Heavy Belt	Art/2DItems/Belts/Belt5
Heavy Quiver	Art/2DItems/Quivers/Quiver4
Hedron Bow	Art/2DItems/Weapons/TwoHandWeapons/Bows/HeistBowFire
Helical Ring	Art/2DItems/Rings/HeistRing1Dark
Hellion's Paw	Art/2DItems/Weapons/OneHandWeapons/Claws/Claw4
Hexclaw Talisman	Art/2DItems/Amulets/TalismanBlack6
Highborn Bow	Art/2DItems/Weapons/TwoHandWeapons/Bows/Bow7
Highborn Staff	Art/2DItems/Weapons/TwoHandWeapons/Staves/Staff6
Highland Blade	Art/2DItems/Weapons/TwoHandWeapons/TwoHandSwords/TwoHandSword4
Hollowpoint Dagger	Art/2DItems/Weapons/OneHandWeapons/Daggers/HeistDagger
Holy Chainmail	Art/2DItems/Armours/BodyArmours/BodyStrInt3C
Honed Cleaver	Art/2DItems/Weapons/TwoHandWeapons/TwoHandAxes/HeistTwoHandAxe
Hook Sword	Art/2DItems/Weapons/OneHandWeapons/OneHandSwords/OneHandSword9
Horned Sceptre	Art/2DItems/Weapons/OneHandWeapons/Scepters/scepter9
Horned Talisman	Art/2DItems/Amulets/NewTalisman7
Hubris Circlet	Art/2DItems/Armours/Helmets/HelmetInt11
Hunter Hood	Art/2DItems/Armours/Helmets/HelmetDex5
Hussar Brigandine	Art/2DItems/Armours/BodyArmours/BodyStrDex2B
Hydrascale Boots	Art/2DItems/Armours/Boots/BootsStrDex2
Hydrascale Gauntlets	Art/2DItems/Armours/Gloves/GlovesStrDex2
Hypnotic Eye Jewel	Art/2DItems/Jewels/RivetedEye
Imbued Wand	Art/2DItems/Weapons/OneHandWeapons/Wands/Wand3
Imp Crown	Art/2DItems/Armours/Helmets/MaskCrown
Imp Dagger	Art/2DItems/Weapons/OneHandWeapons/Daggers/Dagger8
Impact Force Propagator	Art/2DItems/Weapons/TwoHandWeapons/TwoHandMaces/HeistTwoHandMace
Imperial Bow	Art/2DItems/Weapons/TwoHandWeapons/Bows/Bow7
Imperial Buckler	Art/2DItems/Armours/Shields/ShieldDex6
Imperial Claw	Art/2DItems/Weapons/OneHandWeapons/Claws/Claw7
Imperial Maul	Art/2DItems/Weapons/TwoHandWeapons/TwoHandMaces/TwoHandMace6
Imperial Skean	Art/2DItems/Weapons/OneHandWeapons/Daggers/Dagger7
Imperial Staff	Art/2DItems/Weapons/TwoHandWeapons/Staves/Staff6
Infantry Brigandine	Art/2DItems/Armours/BodyArmours/BodyStrDex2B
Infernal Axe	Art/2DItems/Weapons/OneHandWeapons/OneHandAxes/OneHandAxe8
Infernal Blade	Art/2DItems/Weapons/OneHandWeapons/Daggers/HeistRuneDagger
Infernal Sword	Art/2DItems/Weapons/TwoHandWeapons/TwoHandSwords/TwoHandSword7
Infiltrator Boots	Art/2DItems/Armours/Boots/BootsDexInt3
Infiltrator Mitts	Art/2DItems/Armours/Gloves/GlovesDexInt2
Iolite Ring	Art/2DItems/Rings/ChaosDmgRing
Iron Circlet	Art/2DItems/Armours/Helmets/HelmetInt2
Iron Flask	Art/2DItems/Flasks/Wardflask01
Iron Gauntlets	Art/2DItems/Armours/Gloves/GlovesStr1
Iron Greaves	Art/2DItems/Armours/Boots/BootsStr1
Iron Hat	Art/2DItems/Armours/Helmets/HelmetStr1
Iron Mask	Art/2DItems/Armours/Helmets/HelmetDexInt3
Iron Ring	Art/2DItems/Rings/Ring1
Iron Sceptre	Art/2DItems/Weapons/OneHandWeapons/Scepters/scepter5
Iron Staff	Art/2DItems/Weapons/TwoHandWeapons/Staves/Staff4
Ironscale Boots	Art/2DItems/Armours/Boots/BootsStrDex2
Ironscale Gauntlets	Art/2DItems/Armours/Gloves/GlovesStrDex2
Ironwood Buckler	Art/2DItems/Armours/Shields/ShieldDex2
Ironwood Tincture	Art/2DItems/Flasks/StunSap
Ivory Bow	Art/2DItems/Weapons/TwoHandWeapons/Bows/Bow6
Ivory Spirit Shield	Art/2DItems/Armours/Shields/ShieldInt3
Jade Amulet	Art/2DItems/Amulets/Amulet4
Jade Chopper	Art/2DItems/Weapons/TwoHandWeapons/TwoHandAxes/TwoHandAxe2
Jade Flask	Art/2DItems/Flasks/evasionflask01
Jade Hatchet	Art/2DItems/Weapons/OneHandWeapons/OneHandAxes/OneHandAxe2
Jagged Foil	Art/2DItems/Weapons/OneHandWeapons/Rapiers/Rapier5
Jagged Maul	Art/2DItems/Weapons/TwoHandWeapons/TwoHandMaces/TwoHandMace5
Jasper Axe	Art/2DItems/Weapons/OneHandWeapons/OneHandAxes/OneHandAxe2
Jasper Chopper	Art/2DItems/Weapons/TwoHandWeapons/TwoHandAxes/TwoHandAxe2
Jester Mask	Art/2DItems/Armours/Helmets/HelmetDexInt9
Jet Amulet	Art/2DItems/Amulets/TalismanoftheVictor
Jewelled Foil	Art/2DItems/Weapons/OneHandWeapons/Rapiers/Rapier7
Jingling Spirit Shield	Art/2DItems/Armours/Shields/ShieldInt5
Judgement Staff	Art/2DItems/Weapons/TwoHandWeapons/Staves/Staff7
Karui Axe	Art/2DItems/Weapons/OneHandWeapons/OneHandAxes/OneHandAxe2
Karui Chopper	Art/2DItems/Weapons/TwoHandWeapons/TwoHandAxes/TwoHandAxe2
Karui Maul	Art/2DItems/Weapons/TwoHandWeapons/TwoHandMaces/TwoHandMace2
Karui Sceptre	Art/2DItems/Weapons/OneHandWeapons/Scepters/scepter2
Knight Helm	Art/2DItems/Armours/Helmets/HelmetStrDex6
Labrys	Art/2DItems/Weapons/TwoHandWeapons/TwoHandAxes/TwoHandAxe5
Lacewood Spirit Shield	Art/2DItems/Armours/Shields/ShieldInt2
Lacquered Buckler	Art/2DItems/Armours/Shields/ShieldDex3
Lacquered Garb	Art/2DItems/Armours/BodyArmours/BodyDexInt2C
Lacquered Helmet	Art/2DItems/Armours/Helmets/HelmetStrDex7
Laminated Kite Shield	Art/2DItems/Armours/Shields/ShieldStrInt3
Lapis Amulet	Art/2DItems/Amulets/Amulet5
Large Cluster Jewel	Art/2DItems/Jewels/NewGemBase3
Large Hybrid Flask	Art/2DItems/Flasks/hybridflask4
Large Life Flask	Art/2DItems/Flasks/lifeflask3
Large Mana Flask	Art/2DItems/Flasks/manaflask3
Lathi	Art/2DItems/Weapons/TwoHandWeapons/Staves/Staff3
Latticed Ringmail	Art/2DItems/Armours/BodyArmours/BodyStrInt1B
Layered Kite Shield	Art/2DItems/Armours/Shields/ShieldStrInt3
Lead Sceptre	Art/2DItems/Weapons/OneHandWeapons/Scepters/scepter5
Leather Belt	Art/2DItems/Belts/Belt3
Leather Cap	Art/2DItems/Armours/Helmets/HelmetDex1
Leather Hood	Art/2DItems/Armours/Helmets/HelmetDex3
Leatherscale Boots	Art/2DItems/Armours/Boots/BootsStrDex1
Legion Boots	Art/2DItems/Armours/Boots/BootsStrInt2
Legion Gloves	Art/2DItems/Armours/Gloves/GlovesStrInt2
Legion Hammer	Art/2DItems/Weapons/OneHandWeapons/OneHandMaces/OneHandMace5
Legion Plate	Art/2DItems/Armours/BodyArmours/BodyStr2C
Legion Sword	Art/2DItems/Weapons/OneHandWeapons/OneHandSwords/OneHandSword5
Leviathan Gauntlets	Art/2DItems/Armours/Gloves/GlovesStr4
Leviathan Greaves	Art/2DItems/Armours/Boots/BootsStr4
Leyline Gloves	Art/2DItems/Armours/Gloves/RitualIntGloves
Lich's Circlet	Art/2DItems/Armours/Helmets/HelmetInt8
Light Brigandine	Art/2DItems/Armours/BodyArmours/BodyStrDex2A
Light Quiver	Art/2DItems/Quivers/Quiver5
Linden Kite Shield	Art/2DItems/Armours/Shields/ShieldStrInt2
Lion Pelt	Art/2DItems/Armours/Helmets/HelmetDex10
Lion Sword	Art/2DItems/Weapons/TwoHandWeapons/TwoHandSwords/TwoHandSword6
Lithe Blade	Art/2DItems/Weapons/TwoHandWeapons/TwoHandSwords/TwoHandSword8
Lone Antler Talisman	Art/2DItems/Amulets/TalismanWhite2
Long Bow	Art/2DItems/Weapons/TwoHandWeapons/Bows/Bow3
Long Staff	Art/2DItems/Weapons/TwoHandWeapons/Staves/Staff3
Longsword	Art/2DItems/Weapons/TwoHandWeapons/TwoHandSwords/TwoHandSword2
Longtooth Talisman	Art/2DItems/Amulets/TalismanRed4
Lordly Plate	Art/2DItems/Armours/BodyArmours/BodyStr3C
Loricated Ringmail	Art/2DItems/Armours/BodyArmours/BodyStrInt1B
Lunaris Circlet	Art/2DItems/Armours/Helmets/HelmetInt6
Maelström Staff	Art/2DItems/Weapons/TwoHandWeapons/Staves/Staff5
Mage's Vestment	Art/2DItems/Armours/BodyArmours/BodyInt1C
Magistrate Crown	Art/2DItems/Armours/Helmets/HelmetStrInt8
Magmatic Tower Shield	Art/2DItems/Armours/Shields/HeistShield
Mahogany Tower Shield	Art/2DItems/Armours/Shields/ShieldStr4
Majestic Pelt	Art/2DItems/Armours/Helmets/HelmetDex10
Majestic Plate	Art/2DItems/Armours/BodyArmours/BodyStr3C
Malign Fangs	Art/2DItems/Weapons/OneHandWeapons/Claws/HeistClaw
Mallet	Art/2DItems/Weapons/TwoHandWeapons/TwoHandMaces/TwoHandMace3
Maltreatment Axe	Art/2DItems/Weapons/OneHandWeapons/OneHandAxes/HeistOnehandAxe
Mandible Talisman	Art/2DItems/Amulets/NewTalisman
Manifold Ring	Art/2DItems/Rings/HeistRing2Dark
Maple Round Shield	Art/2DItems/Armours/Shields/ShieldStrDex2
Maraketh Bow	Art/2DItems/Weapons/TwoHandWeapons/Bows/Bow9
Marble Amulet	Art/2DItems/Amulets/MarbleAmulet
Marshall's Brigandine	Art/2DItems/Armours/BodyArmours/BodyStrDex2C
Martyr Boots	Art/2DItems/Armours/Boots/BootsStrInt2
Martyr Gloves	Art/2DItems/Armours/Gloves/GlovesStrInt2
Meatgrinder	Art/2DItems/Weapons/TwoHandWeapons/TwoHandMaces/TwoHandMace5
Mechalarm Belt	Art/2DItems/Belts/HeistBelt2
Mechanical Belt	Art/2DItems/Belts/HeistBelt2
Medium Cluster Jewel	Art/2DItems/Jewels/NewGemBase2
Medium Hybrid Flask	Art/2DItems/Flasks/hybridflask2
Medium Life Flask	Art/2DItems/Flasks/lifeflask2
Medium Mana Flask	Art/2DItems/Flasks/manaflask2
Mesh Boots	Art/2DItems/Armours/Boots/BootsStrInt3
Mesh Gloves	Art/2DItems/Armours/Gloves/GlovesStrInt3
Micro-Distillery Belt	Art/2DItems/Belts/HeistBelt1
Midnight Blade	Art/2DItems/Weapons/OneHandWeapons/OneHandSwords/OneHandSword8
Military Staff	Art/2DItems/Weapons/TwoHandWeapons/Staves/Staff4
Mind Cage	Art/2DItems/Armours/Helmets/HelmetInt10
Mirrored Spiked Shield	Art/2DItems/Armours/Shields/ShieldDexInt4
Monkey Paw Talisman	Art/2DItems/Amulets/MonkeyPawTalisman
Monkey Twins Talisman	Art/2DItems/Amulets/TalismanRed6
Moon Staff	Art/2DItems/Weapons/TwoHandWeapons/Staves/Staff8
Moonlit Circlet	Art/2DItems/Armours/Helmets/HelmetInt6
Moonstone Ring	Art/2DItems/Rings/MoonstoneRing
Morning Star	Art/2DItems/Weapons/TwoHandWeapons/TwoHandMaces/TwoHandMace8
Mosaic Kite Shield	Art/2DItems/Armours/Shields/ShieldStrInt3
Murder Boots	Art/2DItems/Armours/Boots/BootsDexInt4
Murder Mitts	Art/2DItems/Armours/Gloves/GlovesDexInt3
Murderous Eye Jewel	Art/2DItems/Jewels/MurderousEye
Nailed Fist	Art/2DItems/Weapons/OneHandWeapons/Claws/Claw1
Nameless Ring	Art/2DItems/Rings/RitualRing
Necromancer Circlet	Art/2DItems/Armours/Helmets/HelmetInt8
Necromancer Silks	Art/2DItems/Armours/BodyArmours/BodyInt2B
Necrotic Armour	Art/2DItems/Armours/BodyArmours/BodyDexInt4C
Nexus Gloves	Art/2DItems/Armours/Gloves/RitualIntGloves
Nightmare Bascinet	Art/2DItems/Armours/Helmets/HelmetStrDex10
Nightmare Mace	Art/2DItems/Weapons/OneHandWeapons/OneHandMaces/OneHandMace8
Nightweave Robe	Art/2DItems/Armours/BodyArmours/BodyInt2C
Nightwind Slippers	Art/2DItems/Armours/Boots/RitualIntBoots
Noble Axe	Art/2DItems/Weapons/TwoHandWeapons/TwoHandAxes/TwoHandAxe6
Noble Claw	Art/2DItems/Weapons/OneHandWeapons/Claws/Claw7
Noble Tricorne	Art/2DItems/Armours/Helmets/HelmetDex6
Nubuck Boots	Art/2DItems/Armours/Boots/BootsDex4
Nubuck Gloves	Art/2DItems/Armours/Gloves/GlovesDex4
Oak Buckler	Art/2DItems/Armours/Shields/ShieldDex2
Oakbranch Tincture	Art/2DItems/Flasks/CriticalStrikeSap
Occultist's Vestment	Art/2DItems/Armours/BodyArmours/BodyInt1C
Ochre Sceptre	Art/2DItems/Weapons/OneHandWeapons/Scepters/scepter6
Oiled Coat	Art/2DItems/Armours/BodyArmours/BodyDexInt2B
Oiled Vest	Art/2DItems/Armours/BodyArmours/BodyDexInt2A
Omen Wand	Art/2DItems/Weapons/OneHandWeapons/Wands/Wand6
Onyx Amulet	Art/2DItems/Amulets/Amulet7
Opal Ring	Art/2DItems/Rings/OpalRing
Opal Sceptre	Art/2DItems/Weapons/OneHandWeapons/Scepters/scepter4
Opal Wand	Art/2DItems/Weapons/OneHandWeapons/Wands/Wand4
Ornate Mace	Art/2DItems/Weapons/OneHandWeapons/OneHandMaces/OneHandMace7
Ornate Quiver	Art/2DItems/Quivers/TriggerQuiverUnique
Ornate Ringmail	Art/2DItems/Armours/BodyArmours/BodyStrInt1C
Ornate Spiked Shield	Art/2DItems/Armours/Shields/ShieldDexInt5
Ornate Sword	Art/2DItems/Weapons/TwoHandWeapons/TwoHandSwords/TwoHandSword6
Oscillating Sceptre	Art/2DItems/Weapons/OneHandWeapons/Scepters/HeistSceptreElemental
Padded Jacket	Art/2DItems/Armours/BodyArmours/BodyDexInt1B
Padded Vest	Art/2DItems/Armours/BodyArmours/BodyDexInt1A
Pagan Wand	Art/2DItems/Weapons/OneHandWeapons/Wands/Wand7
Painted Buckler	Art/2DItems/Armours/Shields/ShieldDex3
Painted Tower Shield	Art/2DItems/Armours/Shields/ShieldStr7
Paladin Boots	Art/2DItems/Armours/Boots/BootsStrInt3
Paladin Crown	Art/2DItems/Armours/Helmets/HelmetStrInt7
Paladin Gloves	Art/2DItems/Armours/Gloves/GlovesStrInt3
Paladin's Hauberk	Art/2DItems/Armours/BodyArmours/BodyStrInt2C
Paua Amulet	Art/2DItems/Amulets/Amulet1
Paua Ring	Art/2DItems/Rings/Ring3
Pecoraro	Art/2DItems/Weapons/OneHandWeapons/Rapiers/Rapier4
Penetrating Arrow Quiver	Art/2DItems/Quivers/QuiverPenetrating
Penitent Mask	Art/2DItems/Armours/Helmets/HelmetStrDexR
Penumbra Ring	Art/2DItems/Rings/LakeRing2
Pernach	Art/2DItems/Weapons/OneHandWeapons/OneHandMaces/OneHandMace6
Petrified Club	Art/2DItems/Weapons/OneHandWeapons/OneHandMaces/OneHandMace2
Phantom Boots	Art/2DItems/Armours/Boots/BootsDexInt4
Phantom Mace	Art/2DItems/Weapons/OneHandWeapons/OneHandMaces/OneHandMace8
Phantom Mitts	Art/2DItems/Armours/Gloves/GlovesDexInt3
Pig-Faced Bascinet	Art/2DItems/Armours/Helmets/HelmetStrDex9
Piledriver	Art/2DItems/Weapons/TwoHandWeapons/TwoHandMaces/TwoHandMace4
Pine Buckler	Art/2DItems/Armours/Shields/ShieldDex2
Pinnacle Tower Shield	Art/2DItems/Armours/Shields/ShieldStr7
Plague Mask	Art/2DItems/Armours/Helmets/HelmetDexInt2
Plank Kite Shield	Art/2DItems/Armours/Shields/ShieldStrInt1
Plate Vest	Art/2DItems/Armours/BodyArmours/BodyStr1A
Plated Gauntlets	Art/2DItems/Armours/Gloves/GlovesStr2
Plated Greaves	Art/2DItems/Armours/Boots/BootsStr3
Plated Maul	Art/2DItems/Weapons/TwoHandWeapons/TwoHandMaces/TwoHandMace6
Platinum Kris	Art/2DItems/Weapons/OneHandWeapons/Daggers/Dagger6
Platinum Sceptre	Art/2DItems/Weapons/OneHandWeapons/Scepters/scepter5
Pneumatic Dagger	Art/2DItems/Weapons/OneHandWeapons/Daggers/HeistDagger
Poignard	Art/2DItems/Weapons/OneHandWeapons/Daggers/Dagger4
Poisonberry Tincture	Art/2DItems/Flasks/PoisonSap
Polar Buckler	Art/2DItems/Armours/Shields/DexHeistShield
Poleaxe	Art/2DItems/Weapons/TwoHandWeapons/TwoHandAxes/TwoHandAxe4
Polished Spiked Shield	Art/2DItems/Armours/Shields/ShieldDexInt4
Potentiality Rod	Art/2DItems/Weapons/TwoHandWeapons/Staves/HeistWarStaff
Praetor Crown	Art/2DItems/Armours/Helmets/HelmetStrInt10
Precursor Gauntlets	Art/2DItems/Armours/Gloves/GlovesStr3
Precursor Greaves	Art/2DItems/Armours/Boots/BootsStr3
Prehistoric Claw	Art/2DItems/Weapons/OneHandWeapons/Claws/Claw6
Preserving Gauntlets	Art/2DItems/Armours/Gloves/RitualStrGloves
Pressurised Dagger	Art/2DItems/Weapons/OneHandWeapons/Daggers/HeistDagger
Primal Arrow Quiver	Art/2DItems/Quivers/RikerRinQuiver
Primal Skull Talisman	Art/2DItems/Amulets/TalismanBlack7
Prime Cleaver	Art/2DItems/Weapons/TwoHandWeapons/TwoHandAxes/HeistTwoHandAxe
Primeval Rapier	Art/2DItems/Weapons/OneHandWeapons/Rapiers/Rapier6
Primitive Staff	Art/2DItems/Weapons/TwoHandWeapons/Staves/Staff2
Primordial Staff	Art/2DItems/Weapons/TwoHandWeapons/Staves/Staff2
Prismatic Jewel	Art/2DItems/Jewels/Mastery
Prismatic Ring	Art/2DItems/Rings/Ring12
Prismatic Tincture	Art/2DItems/Flasks/PrismaticSap
Profane Wand	Art/2DItems/Weapons/OneHandWeapons/Wands/Wand7
Prong Dagger	Art/2DItems/Weapons/OneHandWeapons/Daggers/Dagger9
Prophecy Wand	Art/2DItems/Weapons/OneHandWeapons/Wands/Wand6
Prophet Crown	Art/2DItems/Armours/Helmets/HelmetStrInt9
Psychotic Axe	Art/2DItems/Weapons/OneHandWeapons/OneHandAxes/HeistOnehandAxe
Quarterstaff	Art/2DItems/Weapons/TwoHandWeapons/Staves/Staff3
Quartz Flask	Art/2DItems/Flasks/phaseflask01
Quartz Sceptre	Art/2DItems/Weapons/OneHandWeapons/Scepters/scepter4
Quartz Wand	Art/2DItems/Weapons/OneHandWeapons/Wands/Wand4
Quicksilver Flask	Art/2DItems/Flasks/sprint
Quilted Jacket	Art/2DItems/Armours/BodyArmours/BodyDexInt1B
Ranger Bow	Art/2DItems/Weapons/TwoHandWeapons/Bows/Bow4
Ratcheting Ring	Art/2DItems/Rings/HeistRing1Silver
Raven Mask	Art/2DItems/Armours/Helmets/HelmetDexInt6
Rawhide Boots	Art/2DItems/Armours/Boots/BootsDex1
Rawhide Gloves	Art/2DItems/Armours/Gloves/GlovesDex1
Rawhide Tower Shield	Art/2DItems/Armours/Shields/ShieldStr3
Reaver Axe	Art/2DItems/Weapons/OneHandWeapons/OneHandAxes/OneHandAxe4
Reaver Helmet	Art/2DItems/Armours/Helmets/HelmetStr6
Reaver Sword	Art/2DItems/Weapons/TwoHandWeapons/TwoHandSwords/TwoHandSword3
Rebuking Blade	Art/2DItems/Weapons/TwoHandWeapons/TwoHandSwords/HeistTwoHandSword
Reciprocation Staff	Art/2DItems/Weapons/TwoHandWeapons/Staves/HeistStaff
Recurve Bow	Art/2DItems/Weapons/TwoHandWeapons/Bows/Bow5
Redwood Spiked Shield	Art/2DItems/Armours/Shields/ShieldDexInt2
Reflex Bow	Art/2DItems/Weapons/TwoHandWeapons/Bows/Bow9
Regicide Mask	Art/2DItems/Armours/Helmets/HelmetDexInt8
Reinforced Greaves	Art/2DItems/Armours/Boots/BootsStr4
Reinforced Kite Shield	Art/2DItems/Armours/Shields/ShieldStrInt4
Reinforced Tower Shield	Art/2DItems/Armours/Shields/ShieldStr6
Ring	Art/2DItems/Rings/MirrorRing
Ringmail Boots	Art/2DItems/Armours/Boots/BootsStrInt2
Ringmail Coat	Art/2DItems/Armours/BodyArmours/BodyStrInt1B
Ringmail Gloves	Art/2DItems/Armours/Gloves/GlovesStrInt2
Ritual Sceptre	Art/2DItems/Weapons/OneHandWeapons/Scepters/scepter7
Riveted Boots	Art/2DItems/Armours/Boots/BootsStrInt1
Riveted Gloves	Art/2DItems/Armours/Gloves/GlovesStrInt1
Rock Breaker	Art/2DItems/Weapons/OneHandWeapons/OneHandMaces/OneHandMace4
Rosethorn Tincture	Art/2DItems/Flasks/CullingStrikeSap
Rot Head Talisman	Art/2DItems/Amulets/FishTalisman
Rotfeather Talisman	Art/2DItems/Amulets/TalismanRed1
Rotted Round Shield	Art/2DItems/Armours/Shields/ShieldStrDex1
Royal Axe	Art/2DItems/Weapons/OneHandWeapons/OneHandAxes/OneHandAxe7
Royal Bow	Art/2DItems/Weapons/TwoHandWeapons/Bows/Bow7
Royal Burgonet	Art/2DItems/Armours/Helmets/HelmetStr10
Royal Plate	Art/2DItems/Armours/BodyArmours/BodyStr3C
Royal Sceptre	Art/2DItems/Weapons/OneHandWeapons/Scepters/scepter7
Royal Skean	Art/2DItems/Weapons/OneHandWeapons/Daggers/Dagger7
Royal Staff	Art/2DItems/Weapons/TwoHandWeapons/Staves/Staff6
Ruby Amulet	Art/2DItems/Amulets/RubyAmulet
Ruby Flask	Art/2DItems/Flasks/ruby
Ruby Ring	Art/2DItems/Rings/Ring7
Rugged Quiver	Art/2DItems/Quivers/Quiver2
Runic Crest	Art/2DItems/Armours/Helmets/SpiritHelmetBaseType
Runic Crown	Art/2DItems/Armours/Helmets/SpiritHelmetBaseType
Runic Gages	Art/2DItems/Armours/Gloves/SpiritGlovesBaseType
Runic Gauntlets	Art/2DItems/Armours/Gloves/SpiritGlovesBaseType
Runic Gloves	Art/2DItems/Armours/Gloves/SpiritGlovesBaseType
Runic Greaves	Art/2DItems/Armours/Boots/SpiritBootsBaseType
Runic Hatchet	Art/2DItems/Weapons/OneHandWeapons/OneHandAxes/OneHandAxe9
Runic Helm	Art/2DItems/Armours/Helmets/SpiritHelmetBaseType
Runic Sabatons	Art/2DItems/Armours/Boots/SpiritBootsBaseType
Runic Sollerets	Art/2DItems/Armours/Boots/SpiritBootsBaseType
Rusted Coif	Art/2DItems/Armours/Helmets/HelmetStrInt1
Rusted Hatchet	Art/2DItems/Weapons/OneHandWeapons/OneHandAxes/OneHandAxe1
Rusted Spike	Art/2DItems/Weapons/OneHandWeapons/Rapiers/Rapier1
Rusted Sword	Art/2DItems/Weapons/OneHandWeapons/OneHandSwords/OneHandSword1
Rustic Sash	Art/2DItems/Belts/Belt1
Sabre	Art/2DItems/Weapons/OneHandWeapons/OneHandSwords/OneHandSword3
Sacred Chainmail	Art/2DItems/Armours/BodyArmours/BodyStrInt3C
Sacred Hybrid Flask	Art/2DItems/Flasks/hybridflask2
Sacred Life Flask	Art/2DItems/Flasks/lifeflask8
Sacred Mana Flask	Art/2DItems/Flasks/manaflask8
Sacrificial Garb	Art/2DItems/Armours/BodyArmours/SacrificialGarb
Sadist Garb	Art/2DItems/Armours/BodyArmours/BodyDexInt2C
Sage Gloves	Art/2DItems/Armours/Gloves/GlovesInt3
Sage Slippers	Art/2DItems/Armours/Boots/BootsInt3
Sage Wand	Art/2DItems/Weapons/OneHandWeapons/Wands/Wand6
Sage's Robe	Art/2DItems/Armours/BodyArmours/BodyInt1B
Sai	Art/2DItems/Weapons/OneHandWeapons/Daggers/Dagger9
Saint's Hauberk	Art/2DItems/Armours/BodyArmours/BodyStrInt2C
Saintly Chainmail	Art/2DItems/Armours/BodyArmours/BodyStrInt3C
Sallet	Art/2DItems/Armours/Helmets/HelmetStrDex2
Sambar Sceptre	Art/2DItems/Weapons/OneHandWeapons/Scepters/scepter9
Samite Gloves	Art/2DItems/Armours/Gloves/GlovesInt3
Samite Slippers	Art/2DItems/Armours/Boots/BootsInt3
Samnite Helmet	Art/2DItems/Armours/Helmets/HelmetStr8
Sanctified Life Flask	Art/2DItems/Flasks/lifeflask10
Sanctified Mana Flask	Art/2DItems/Flasks/manaflask10
Sanguine Raiment	Art/2DItems/Armours/BodyArmours/BodyDexInt1C
Sapphire Flask	Art/2DItems/Flasks/sapphire
Sapphire Ring	Art/2DItems/Rings/Ring6
Satin Gloves	Art/2DItems/Armours/Gloves/GlovesInt2
Satin Slippers	Art/2DItems/Armours/Boots/BootsInt2
Savant's Robe	Art/2DItems/Armours/BodyArmours/BodyInt1B
Scale Doublet	Art/2DItems/Armours/BodyArmours/BodyStrDex1B
Scale Vest	Art/2DItems/Armours/BodyArmours/BodyStrDex1A
Scare Mask	Art/2DItems/Armours/Helmets/HelmetDexInt1
Scarlet Raiment	Art/2DItems/Armours/BodyArmours/BodyDexInt1C
Scarlet Round Shield	Art/2DItems/Armours/Shields/ShieldStrDex4
Scholar Boots	Art/2DItems/Armours/Boots/BootsInt4
Scholar's Robe	Art/2DItems/Armours/BodyArmours/BodyInt1B
Seaglass Amulet	Art/2DItems/Amulets/CrescentAmulet
Searching Eye Jewel	Art/2DItems/Jewels/SearchingEye
Secutor Helm	Art/2DItems/Armours/Helmets/HelmetStrDex5
Sekhem	Art/2DItems/Weapons/OneHandWeapons/Scepters/scepter3
Sentinel Jacket	Art/2DItems/Armours/BodyArmours/BodyDexInt1B
Serpentine Staff	Art/2DItems/Weapons/TwoHandWeapons/Staves/Staff5
Serpentscale Boots	Art/2DItems/Armours/Boots/BootsStrDex2
Serpentscale Gauntlets	Art/2DItems/Armours/Gloves/GlovesStrDex2
Serrated Arrow Quiver	Art/2DItems/Quivers/QuiverSerrated
Serrated Foil	Art/2DItems/Weapons/OneHandWeapons/Rapiers/Rapier5
Shabby Jerkin	Art/2DItems/Armours/BodyArmours/BodyDex1A
Shackled Boots	Art/2DItems/Armours/Boots/BootsDexInt4
Shadow Axe	Art/2DItems/Weapons/TwoHandWeapons/TwoHandAxes/TwoHandAxe7
Shadow Fangs	Art/2DItems/Weapons/OneHandWeapons/Claws/HeistClaw
Shadow Sceptre	Art/2DItems/Weapons/OneHandWeapons/Scepters/scepter8
Shadowed Ring	Art/2DItems/Rings/LakeRing5
Shagreen Boots	Art/2DItems/Armours/Boots/BootsDex4
Shagreen Gloves	Art/2DItems/Armours/Gloves/GlovesDex4
Shagreen Tower Shield	Art/2DItems/Armours/Shields/ShieldStr3
Sharkskin Boots	Art/2DItems/Armours/Boots/BootsDex3
Sharkskin Gloves	Art/2DItems/Armours/Gloves/GlovesDex3
Sharkskin Tunic	Art/2DItems/Armours/BodyArmours/BodyDex1B
Sharktooth Arrow Quiver	Art/2DItems/Quivers/QuiverSharktooth
Sharktooth Claw	Art/2DItems/Weapons/OneHandWeapons/Claws/Claw2
Short Bow	Art/2DItems/Weapons/TwoHandWeapons/Bows/Bow2
Siege Axe	Art/2DItems/Weapons/OneHandWeapons/OneHandAxes/OneHandAxe3
Siege Helmet	Art/2DItems/Armours/Helmets/HelmetStr7
Silk Gloves	Art/2DItems/Armours/Gloves/GlovesInt3
Silk Robe	Art/2DItems/Armours/BodyArmours/BodyInt2C
Silk Slippers	Art/2DItems/Armours/Boots/BootsInt3
Silken Garb	Art/2DItems/Armours/BodyArmours/BodyInt2B
Silken Hood	Art/2DItems/Armours/Helmets/HelmetDex8
Silken Vest	Art/2DItems/Armours/BodyArmours/BodyInt2A
Silken Wrap	Art/2DItems/Armours/BodyArmours/BodyInt2B
Silver Flask	Art/2DItems/Flasks/silver
Simple Robe	Art/2DItems/Armours/BodyArmours/BodyInt1A
Simplex Amulet	Art/2DItems/Amulets/HeistAmulet2
Sinner Tricorne	Art/2DItems/Armours/Helmets/HelmetDex9
Skean	Art/2DItems/Weapons/OneHandWeapons/Daggers/Dagger7
Skinning Knife	Art/2DItems/Weapons/OneHandWeapons/Daggers/Dagger2
Slaughter Knife	Art/2DItems/Weapons/OneHandWeapons/Daggers/Dagger3
Sledgehammer	Art/2DItems/Weapons/TwoHandWeapons/TwoHandMaces/TwoHandMace4
Sleek Coat	Art/2DItems/Armours/BodyArmours/BodyDexInt2B
Slink Boots	Art/2DItems/Armours/Boots/BootsDex4
Slink Gloves	Art/2DItems/Armours/Gloves/GlovesDex4
Small Cluster Jewel	Art/2DItems/Jewels/NewGemBase1
Small Hybrid Flask	Art/2DItems/Flasks/hybridflask1
Small Life Flask	Art/2DItems/Flasks/lifeflask1
Small Mana Flask	Art/2DItems/Flasks/manaflask1
Smallsword	Art/2DItems/Weapons/OneHandWeapons/Rapiers/Rapier9
Sniper Bow	Art/2DItems/Weapons/TwoHandWeapons/Bows/Bow5
Solar Maul	Art/2DItems/Weapons/TwoHandWeapons/TwoHandMaces/TwoHandMace8
Solarine Bow	Art/2DItems/Weapons/TwoHandWeapons/Bows/HeistBowFire
Solaris Circlet	Art/2DItems/Armours/Helmets/HelmetInt9
Soldier Boots	Art/2DItems/Armours/Boots/BootsStrInt3
Soldier Gloves	Art/2DItems/Armours/Gloves/GlovesStrInt3
Soldier Helmet	Art/2DItems/Armours/Helmets/HelmetStrInt2
Soldier's Brigandine	Art/2DItems/Armours/BodyArmours/BodyStrDex2C
Sorcerer Boots	Art/2DItems/Armours/Boots/BootsInt4
Sorcerer Gloves	Art/2DItems/Armours/Gloves/GlovesInt4
Sorrow Mask	Art/2DItems/Armours/Helmets/HelmetStrDexR
Sovereign Spiked Shield	Art/2DItems/Armours/Shields/ShieldDexInt5
Sparkling Claw	Art/2DItems/Weapons/OneHandWeapons/Claws/Claw7
Spectral Axe	Art/2DItems/Weapons/OneHandWeapons/OneHandAxes/OneHandAxe8
Spectral Sword	Art/2DItems/Weapons/TwoHandWeapons/TwoHandSwords/TwoHandSword7
Spidersilk Robe	Art/2DItems/Armours/BodyArmours/BodyInt2C
Spike-Point Arrow Quiver	Art/2DItems/Quivers/QuiverSpike-Point
Spiked Bundle	Art/2DItems/Armours/Shields/ShieldDexInt1
Spiked Club	Art/2DItems/Weapons/OneHandWeapons/OneHandMaces/OneHandMace3
Spiked Gloves	Art/2DItems/Armours/Gloves/SpikedGloves
Spiked Round Shield	Art/2DItems/Armours/Shields/ShieldStrDex3
Spine Bow	Art/2DItems/Weapons/TwoHandWeapons/Bows/Bow6
Spinefuse Talisman	Art/2DItems/Amulets/TalismanRed3
Spiny Maul	Art/2DItems/Weapons/TwoHandWeapons/TwoHandMaces/TwoHandMace5
Spiny Round Shield	Art/2DItems/Armours/Shields/ShieldStrDex3
Spiraled Foil	Art/2DItems/Weapons/OneHandWeapons/Rapiers/Rapier5
Spiraled Wand	Art/2DItems/Weapons/OneHandWeapons/Wands/Wand5
Splendid Round Shield	Art/2DItems/Armours/Shields/ShieldStrDex5
Splintered Tower Shield	Art/2DItems/Armours/Shields/ShieldStr1
Splitnewt Talisman	Art/2DItems/Amulets/TalismanBlack4
Sporebloom Tincture	Art/2DItems/Flasks/SporebloomSap
Stabilising Sceptre	Art/2DItems/Weapons/OneHandWeapons/Scepters/HeistSceptreElemental
Stag Sceptre	Art/2DItems/Weapons/OneHandWeapons/Scepters/scepter9
Stealth Boots	Art/2DItems/Armours/Boots/BootsDex3
Stealth Gloves	Art/2DItems/Armours/Gloves/GlovesDex3
Steel Circlet	Art/2DItems/Armours/Helmets/HelmetInt7
Steel Gauntlets	Art/2DItems/Armours/Gloves/GlovesStr4
Steel Greaves	Art/2DItems/Armours/Boots/BootsStr2
Steel Kite Shield	Art/2DItems/Armours/Shields/ShieldStrInt4
Steel Ring	Art/2DItems/Rings/AdamantineRing
Steelhead	Art/2DItems/Weapons/TwoHandWeapons/TwoHandMaces/TwoHandMace4
Steelscale Boots	Art/2DItems/Armours/Boots/BootsStrDex1
Steelscale Gauntlets	Art/2DItems/Armours/Gloves/GlovesStrDex1
Steelwood Bow	Art/2DItems/Weapons/TwoHandWeapons/Bows/Bow9
Stibnite Flask	Art/2DItems/Flasks/stibnite
Stiletto	Art/2DItems/Weapons/OneHandWeapons/Daggers/Dagger4
Stone Axe	Art/2DItems/Weapons/TwoHandWeapons/TwoHandAxes/TwoHandAxe1
Stone Hammer	Art/2DItems/Weapons/OneHandWeapons/OneHandMaces/OneHandMace4
Stormrider Boots	Art/2DItems/Armours/Boots/RitualDexBoots
Strapped Boots	Art/2DItems/Armours/Boots/BootsDexInt2
Strapped Leather	Art/2DItems/Armours/BodyArmours/BodyDex3A
Strapped Mitts	Art/2DItems/Armours/Gloves/GlovesDexInt2
Studded Belt	Art/2DItems/Belts/Belt6
Studded Round Shield	Art/2DItems/Armours/Shields/ShieldStrDex3
Stygian Vise	Art/2DItems/Belts/AbyssBelt
Subsuming Spirit Shield	Art/2DItems/Armours/Shields/IntHeistShield
Sulphur Flask	Art/2DItems/Flasks/gold
Sun Leather	Art/2DItems/Armours/BodyArmours/BodyDex3C
Sun Plate	Art/2DItems/Armours/BodyArmours/BodyStr1C
Sundering Axe	Art/2DItems/Weapons/TwoHandWeapons/TwoHandAxes/TwoHandAxe3
Sunfire Circlet	Art/2DItems/Armours/Helmets/HelmetInt9
Supreme Leather	Art/2DItems/Armours/BodyArmours/BodyDex1C
Supreme Spiked Shield	Art/2DItems/Armours/Shields/ShieldDexInt5
Syndicate's Garb	Art/2DItems/Armours/BodyArmours/BodyDex2C
Talon Axe	Art/2DItems/Weapons/TwoHandWeapons/TwoHandAxes/TwoHandAxe8
Tarnished Spirit Shield	Art/2DItems/Armours/Shields/ShieldInt4
Teak Round Shield	Art/2DItems/Armours/Shields/ShieldStrDex2
Tempered Foil	Art/2DItems/Weapons/OneHandWeapons/Rapiers/Rapier3
Tenderizer	Art/2DItems/Weapons/OneHandWeapons/OneHandMaces/OneHandMace3
Tenebrous Ring	Art/2DItems/Rings/LakeRing4
Terror Claw	Art/2DItems/Weapons/OneHandWeapons/Claws/Claw8
Terror Maul	Art/2DItems/Weapons/TwoHandWeapons/TwoHandMaces/TwoHandMace7
Thicket Bow	Art/2DItems/Weapons/TwoHandWeapons/Bows/Bow2
Thief's Garb	Art/2DItems/Armours/BodyArmours/BodyDex2C
Thorium Spirit Shield	Art/2DItems/Armours/Shields/ShieldInt6
Thorn Rapier	Art/2DItems/Weapons/OneHandWeapons/Rapiers/Rapier8
Three Hands Talisman	Art/2DItems/Amulets/TalismanRed8
Three Rat Talisman	Art/2DItems/Amulets/TalismanRed7
Thresher Claw	Art/2DItems/Weapons/OneHandWeapons/Claws/Claw2
Throat Stabber	Art/2DItems/Weapons/OneHandWeapons/Claws/Claw3
Thwarting Gauntlets	Art/2DItems/Armours/Gloves/RitualStrGloves
Tiger Hook	Art/2DItems/Weapons/OneHandWeapons/OneHandSwords/OneHandSword9
Tiger Sword	Art/2DItems/Weapons/TwoHandWeapons/TwoHandSwords/TwoHandSword6
Tiger's Paw	Art/2DItems/Weapons/OneHandWeapons/Claws/Claw4
Timber Axe	Art/2DItems/Weapons/TwoHandWeapons/TwoHandAxes/TwoHandAxe3
Timeless Jewel	Art/2DItems/Jewels/Timeless
Timeworn Claw	Art/2DItems/Weapons/OneHandWeapons/Claws/Claw6
Tinker Gloves	Art/2DItems/Armours/Gloves/RitualDexGloves
Titan Gauntlets	Art/2DItems/Armours/Gloves/GlovesStr4
Titan Greaves	Art/2DItems/Armours/Boots/BootsStr4
Titan Plate	Art/2DItems/Armours/BodyArmours/BodyStr1C
Titanium Spirit Shield	Art/2DItems/Armours/Shields/ShieldInt6
Tomahawk	Art/2DItems/Weapons/OneHandWeapons/OneHandAxes/OneHandAxe3
Topaz Flask	Art/2DItems/Flasks/topaz
Topaz Ring	Art/2DItems/Rings/Ring5
Tornado Wand	Art/2DItems/Weapons/OneHandWeapons/Wands/Wand5
Torture Cage	Art/2DItems/Armours/Helmets/HelmetInt3
Torturer Garb	Art/2DItems/Armours/BodyArmours/BodyDexInt2C
Torturer's Mask	Art/2DItems/Armours/Helmets/HelmetDexInt11
Totemic Maul	Art/2DItems/Weapons/TwoHandWeapons/TwoHandMaces/TwoHandMace2
Transfer-attuned Spirit Shield	Art/2DItems/Armours/Shields/IntHeistShield
Transformer Staff	Art/2DItems/Weapons/TwoHandWeapons/Staves/HeistStaff
Trapper Boots	Art/2DItems/Armours/Boots/BootsDexInt2
Trapper Mitts	Art/2DItems/Armours/Gloves/GlovesDexInt1
Trapsetter Gloves	Art/2DItems/Armours/Gloves/RitualDexGloves
Tribal Circlet	Art/2DItems/Armours/Helmets/HelmetInt4
Tribal Club	Art/2DItems/Weapons/OneHandWeapons/OneHandMaces/OneHandMace2
Tribal Maul	Art/2DItems/Weapons/TwoHandWeapons/TwoHandMaces/TwoHandMace2
Tricorne	Art/2DItems/Armours/Helmets/HelmetDex2
Trisula	Art/2DItems/Weapons/OneHandWeapons/Daggers/Dagger9
Triumphant Lamellar	Art/2DItems/Armours/BodyArmours/BodyStr4A
Turquoise Amulet	Art/2DItems/Amulets/TurquoiseAmulet
Twig Spirit Shield	Art/2DItems/Armours/Shields/ShieldInt1
Twilight Blade	Art/2DItems/Weapons/OneHandWeapons/OneHandSwords/OneHandSword8
Twilight Regalia	Art/2DItems/Armours/BodyArmours/BodyStrDexInt1C
Twin Claw	Art/2DItems/Weapons/OneHandWeapons/Claws/Claw9
Two-Handed Sword	Art/2DItems/Weapons/TwoHandWeapons/TwoHandSwords/TwoHandSword4
Two-Point Arrow Quiver	Art/2DItems/Quivers/QuiverTwo-Point
Two-Stone Ring	Art/2DItems/Rings/TopazRuby
Two-Toned Boots	Art/2DItems/Armours/Boots/TwoTonedBoots
Tyrant's Sekhem	Art/2DItems/Weapons/OneHandWeapons/Scepters/scepter3
Undying Flesh Talisman	Art/2DItems/Amulets/TalismanWhite6
Unset Amulet	Art/2DItems/Amulets/UnsetAmulet
Unset Ring	Art/2DItems/Rings/Empty-Socket
Ursine Pelt	Art/2DItems/Armours/Helmets/HelmetDex7
Vaal Axe	Art/2DItems/Weapons/TwoHandWeapons/TwoHandAxes/TwoHandAxe5
Vaal Blade	Art/2DItems/Weapons/OneHandWeapons/OneHandSwords/OneHandSword6
Vaal Buckler	Art/2DItems/Armours/Shields/ShieldDex4
Vaal Claw	Art/2DItems/Weapons/OneHandWeapons/Claws/Claw6
Vaal Gauntlets	Art/2DItems/Armours/Gloves/GlovesStr3
Vaal Greatsword	Art/2DItems/Weapons/TwoHandWeapons/TwoHandSwords/TwoHandSword5
Vaal Greaves	Art/2DItems/Armours/Boots/BootsStr3
Vaal Hatchet	Art/2DItems/Weapons/OneHandWeapons/OneHandAxes/OneHandAxe6
Vaal Mask	Art/2DItems/Armours/Helmets/HelmetDexInt10
Vaal Rapier	Art/2DItems/Weapons/OneHandWeapons/Rapiers/Rapier6
Vaal Regalia	Art/2DItems/Armours/BodyArmours/BodyStrDexInt1C
Vaal Sceptre	Art/2DItems/Weapons/OneHandWeapons/Scepters/scepter6
Vaal Spirit Shield	Art/2DItems/Armours/Shields/ShieldInt4
Vanguard Belt	Art/2DItems/Belts/Belt7
Variscite Blade	Art/2DItems/Weapons/OneHandWeapons/OneHandSwords/OneHandSword2
Varnished Coat	Art/2DItems/Armours/BodyArmours/BodyDexInt2B
Velour Boots	Art/2DItems/Armours/Boots/BootsDex4
Velour Gloves	Art/2DItems/Armours/Gloves/GlovesDex4
Velvet Gloves	Art/2DItems/Armours/Gloves/GlovesInt2
Velvet Slippers	Art/2DItems/Armours/Boots/BootsInt2
Vermillion Ring	Art/2DItems/Rings/VermillionRing
Vile Arrow Quiver	Art/2DItems/Quivers/VileArrowQuiver
Vile Staff	Art/2DItems/Weapons/TwoHandWeapons/Staves/Staff7
Vine Circlet	Art/2DItems/Armours/Helmets/HelmetInt1
Viridian Jewel	Art/2DItems/Jewels/basicdex
Visored Sallet	Art/2DItems/Armours/Helmets/HelmetStrDex3
Void Axe	Art/2DItems/Weapons/TwoHandWeapons/TwoHandAxes/TwoHandAxe7
Void Fangs	Art/2DItems/Weapons/OneHandWeapons/Claws/HeistClaw
Void Sceptre	Art/2DItems/Weapons/OneHandWeapons/Scepters/scepter8
Walnut Spirit Shield	Art/2DItems/Armours/Shields/ShieldInt2
War Axe	Art/2DItems/Weapons/OneHandWeapons/OneHandAxes/OneHandAxe5
War Buckler	Art/2DItems/Armours/Shields/ShieldDex5
War Hammer	Art/2DItems/Weapons/OneHandWeapons/OneHandMaces/OneHandMace5
War Plate	Art/2DItems/Armours/BodyArmours/BodyStr2B
War Sword	Art/2DItems/Weapons/OneHandWeapons/OneHandSwords/OneHandSword5
Warlock Boots	Art/2DItems/Armours/Boots/BootsInt4
Warlock Gloves	Art/2DItems/Armours/Gloves/GlovesInt4
Waxed Garb	Art/2DItems/Armours/BodyArmours/BodyDexInt2C
Wereclaw Talisman	Art/2DItems/Amulets/DireClawTalisman
Whalebone Rapier	Art/2DItems/Weapons/OneHandWeapons/Rapiers/Rapier2
Widowsilk Robe	Art/2DItems/Armours/BodyArmours/BodyInt2C
Wild Leather	Art/2DItems/Armours/BodyArmours/BodyDex3B
Windbreak Boots	Art/2DItems/Armours/Boots/RitualDexBoots
Winter Crown	Art/2DItems/Armours/Helmets/HelmetDexIntR
Wolf Pelt	Art/2DItems/Armours/Helmets/HelmetDex4
Woodful Staff	Art/2DItems/Weapons/TwoHandWeapons/Staves/Staff2
Woodsplitter	Art/2DItems/Weapons/TwoHandWeapons/TwoHandAxes/TwoHandAxe3
Wool Gloves	Art/2DItems/Armours/Gloves/GlovesInt1
Wool Shoes	Art/2DItems/Armours/Boots/BootsInt1
Wraith Axe	Art/2DItems/Weapons/OneHandWeapons/OneHandAxes/OneHandAxe8
Wraith Sword	Art/2DItems/Weapons/TwoHandWeapons/TwoHandSwords/TwoHandSword7
Wrapped Boots	Art/2DItems/Armours/Boots/BootsDexInt1
Wrapped Mitts	Art/2DItems/Armours/Gloves/GlovesDexInt1
Wrist Chopper	Art/2DItems/Weapons/OneHandWeapons/OneHandAxes/OneHandAxe4
Writhing Talisman	Art/2DItems/Amulets/NewTalisman3
Wyrm Mace	Art/2DItems/Weapons/OneHandWeapons/OneHandMaces/OneHandMace9
Wyrmbone Rapier	Art/2DItems/Weapons/OneHandWeapons/Rapiers/Rapier2
Wyrmscale Boots	Art/2DItems/Armours/Boots/BootsStrDex3
Wyrmscale Doublet	Art/2DItems/Armours/BodyArmours/BodyStrDex1B
Wyrmscale Gauntlets	Art/2DItems/Armours/Gloves/GlovesStrDex3
Wyvernscale Boots	Art/2DItems/Armours/Boots/BootsStrDex3
Wyvernscale Gauntlets	Art/2DItems/Armours/Gloves/GlovesStrDex3
Yew Spirit Shield	Art/2DItems/Armours/Shields/ShieldInt2
Zealot Boots	Art/2DItems/Armours/Boots/BootsStrInt2
Zealot Gloves	Art/2DItems/Armours/Gloves/GlovesStrInt2
Zealot Helmet	Art/2DItems/Armours/Helmets/HelmetStrInt6
Zodiac Leather	Art/2DItems/Armours/BodyArmours/BodyDex3C
